Mf,Scaled Distance,Overpressure
0.037,0.01017902,0.01009606
0.037,0.01048667,0.01002711
0.037,0.0108027,0.01009926
0.037,0.01112873,0.01010086
0.037,0.0114646,0.01010246
0.037,0.01181061,0.01010406
0.037,0.01216705,0.01010566
0.037,0.01253426,0.01010726
0.037,0.01291309,0.01003824
0.037,0.0133028,0.01003983
0.037,0.01370371,0.01011207
0.037,0.0141173,0.01011367
0.037,0.01454336,0.01011528
0.037,0.01498228,0.01011688
0.037,0.0154351,0.01004778
0.037,0.01590027,0.01012008
0.037,0.01638083,0.01005097
0.037,0.0168745,0.01012329
0.037,0.0173845,0.01005416
0.037,0.01790842,0.0101265
0.037,0.01844968,0.01005734
0.037,0.01900649,0.01005893
0.037,0.01958012,0.01006053
0.037,0.02017105,0.01006212
0.037,0.02077894,0.01013452
0.037,0.02140695,0.01006531
0.037,0.0220521,0.01013774
0.037,0.02271763,0.01013934
0.037,0.02340326,0.01014095
0.037,0.02410958,0.01014256
0.037,0.02483721,0.01014417
0.037,0.0255868,0.01014577
0.037,0.02635902,0.01014738
0.037,0.02715454,0.01014899
0.037,0.02797408,0.0101506
0.037,0.02881834,0.0101522
0.037,0.02968808,0.01015382
0.037,0.03058408,0.01015542
0.037,0.03150711,0.01015703
0.037,0.03245801,0.01015864
0.037,0.0334376,0.01016025
0.037,0.03444675,0.01016186
0.037,0.03548637,0.01016347
0.037,0.03655735,0.01016508
0.037,0.03766067,0.01016669
0.037,0.03879728,0.0101683
0.037,0.03996819,0.01016991
0.037,0.04117444,0.01017153
0.037,0.0424171,0.01017314
0.037,0.04369725,0.01017475
0.037,0.04501605,0.01017636
0.037,0.04637464,0.01017798
0.037,0.04777424,0.01017959
0.037,0.04921609,0.0101812
0.037,0.05070144,0.01018281
0.037,0.05223162,0.01018443
0.037,0.05380798,0.01018604
0.037,0.05543192,0.01018766
0.037,0.05710488,0.01018927
0.037,0.05882831,0.01019088
0.037,0.06060377,0.0101925
0.037,0.06243282,0.01019412
0.037,0.06431705,0.01019573
0.037,0.06625815,0.01019734
0.037,0.06825784,0.01019896
0.037,0.07031789,0.01020058
0.037,0.0724401,0.01020219
0.037,0.07462636,0.01020381
0.037,0.07687861,0.01020543
0.037,0.07919883,0.01020704
0.037,0.08158906,0.01020866
0.037,0.08405145,0.01021028
0.037,0.08658813,0.0102119
0.037,0.08920139,0.01021351
0.037,0.09189352,0.01021513
0.037,0.09466688,0.01021675
0.037,0.09752396,0.01021837
0.037,0.1004673,0.01021999
0.037,0.1034994,0.01022161
0.037,0.106623,0.01022323
0.037,0.1098409,0.01022485
0.037,0.113156,0.01022647
0.037,0.116571,0.01022809
0.037,0.1200892,0.01022971
0.037,0.1237135,0.01023133
0.037,0.1274472,0.01023296
0.037,0.1312936,0.01023457
0.037,0.1352561,0.0102362
0.037,0.1393382,0.01023782
0.037,0.1435434,0.01023944
0.037,0.1478756,0.01024106
0.037,0.1523385,0.01024268
0.037,0.1569361,0.01024431
0.037,0.1616725,0.01024593
0.037,0.1665518,0.01024755
0.037,0.1715784,0.01024918
0.037,0.1767567,0.0102508
0.037,0.1820913,0.01025243
0.037,0.1875868,0.01025405
0.037,0.1932482,0.01025568
0.037,0.1990805,0.0102573
0.037,0.2050888,0.01025893
0.037,0.2112785,0.01026056
0.037,0.2176549,0.01026218
0.037,0.2242238,0.01026381
0.037,0.2309909,0.01026543
0.037,0.2379623,0.01026706
0.037,0.245144,0.01026869
0.037,0.2525532,0.01019856
0.037,0.2601753,0.01020017
0.037,0.2680162,0.01027357
0.037,0.276105,0.0102752
0.037,0.284438,0.01027682
0.037,0.2930223,0.01027845
0.037,0.3018785,0.01020826
0.037,0.3109893,0.01020988
0.037,0.320375,0.01021149
0.037,0.330044,0.01021311
0.037,0.3399906,0.0102866
0.037,0.350281,0.01
0.037,0.3609284,0.009797033
0.037,0.3718681,0.009594635
0.037,0.3831716,0.009265579
0.037,0.3948022,0.00901076
0.037,0.4067858,0.00876295
0.037,0.4191331,0.008521959
0.037,0.4318551,0.008287591
0.037,0.4449634,0.008059669
0.037,0.4584695,0.007838015
0.037,0.4723856,0.007622457
0.037,0.4867241,0.00741283
0.037,0.5015188,0.007158597
0.037,0.5167416,0.006961724
0.037,0.5324265,0.006770269
0.037,0.5485874,0.006584076
0.037,0.5652388,0.006403003
0.037,0.5823957,0.00622691
0.037,0.6000482,0.006098268
0.037,0.6182876,0.005889122
0.037,0.6370547,0.005727162
0.037,0.6563914,0.005569655
0.037,0.6763151,0.005416481
0.037,0.6968436,0.005267521
0.037,0.7179951,0.005122656
0.037,0.7397887,0.004981775
0.037,0.7622437,0.004844768
0.037,0.7853804,0.004711529
0.037,0.8092532,0.004549943
0.037,0.8338168,0.004424812
0.037,0.859162,0.004273059
0.037,0.8852404,0.004155543
0.037,0.9121487,0.004013023
0.037,0.9398355,0.00390266
0.037,0.9684033,0.003768813
0.037,0.9978395,0.003639557
0.037,1.02817,0.003514735
0.037,1.059379,0.003418074
0.037,1.09158,0.003300848
0.037,1.124714,0.003210069
0.037,1.158901,0.003099976
0.037,1.194178,0.002972743
0.037,1.230477,0.002870789
0.037,1.267879,0.002772332
0.037,1.306363,0.002696089
0.037,1.346072,0.002603624
0.037,1.386989,0.002514329
0.037,1.429148,0.002428097
0.037,1.472589,0.002344823
0.037,1.517351,0.002264404
0.037,1.563474,0.002186744
0.037,1.61093,0.002126605
0.037,1.659897,0.002053671
0.037,1.710352,0.001983238
0.037,1.762341,0.00191522
0.037,1.81591,0.001849536
0.037,1.871029,0.001798671
0.037,1.927902,0.001736984
0.037,1.986504,0.001677412
0.037,2.046801,0.00163128
0.037,2.109017,0.001575334
0.037,2.173033,0.00153201
0.037,2.239085,0.001479467
0.037,2.307146,0.001428728
0.037,2.377176,0.001389435
0.037,2.449331,0.001351224
0.037,2.523888,0.001295765
0.037,2.600606,0.001251325
0.037,2.679543,0.001216912
0.037,2.760992,0.001175176
0.037,2.844917,0.001134873
0.037,2.931393,0.001095951
0.037,3.02037,0.00106581
0.037,3.112179,0.001029257
0.0742,0.009995075,0.04086775
0.0742,0.01029698,0.04087329
0.0742,0.01060762,0.04116629
0.0742,0.01092842,0.0408844
0.0742,0.01125811,0.04117749
0.0742,0.01159858,0.0408955
0.0742,0.01194892,0.04090106
0.0742,0.01230984,0.04090662
0.0742,0.01268166,0.04091218
0.0742,0.01306472,0.04091773
0.0742,0.01345934,0.04092329
0.0742,0.01386538,0.04121665
0.0742,0.0142847,0.04093442
0.0742,0.01471565,0.04122785
0.0742,0.01516014,0.04123345
0.0742,0.01561805,0.04123906
0.0742,0.0160898,0.04124466
0.0742,0.01657639,0.04096223
0.0742,0.01707647,0.04125586
0.0742,0.01759227,0.04126147
0.0742,0.01812365,0.04126708
0.0742,0.01867175,0.04098449
0.0742,0.01923504,0.04127828
0.0742,0.01981676,0.04099562
0.0742,0.02041459,0.0412895
0.0742,0.02103198,0.04100677
0.0742,0.02166648,0.04130072
0.0742,0.02232173,0.0410179
0.0742,0.02299513,0.04131195
0.0742,0.0236897,0.04131755
0.0742,0.02440526,0.04132317
0.0742,0.02514242,0.04132878
0.0742,0.02590185,0.0413344
0.0742,0.02668423,0.04134002
0.0742,0.02749122,0.04105692
0.0742,0.02832059,0.04135124
0.0742,0.02917601,0.04135687
0.0742,0.03005728,0.04136249
0.0742,0.03096517,0.0413681
0.0742,0.03190048,0.04137372
0.0742,0.03286405,0.04137934
0.0742,0.03385671,0.04138497
0.0742,0.03487936,0.04139058
0.0742,0.03593291,0.04139621
0.0742,0.03701827,0.04140183
0.0742,0.03813642,0.04140746
0.0742,0.03928833,0.04141308
0.0742,0.04047506,0.04141871
0.0742,0.04169761,0.04142433
0.0742,0.04295709,0.04142997
0.0742,0.04425463,0.04143558
0.0742,0.04559135,0.04144122
0.0742,0.04696846,0.04144685
0.0742,0.04838715,0.04145248
0.0742,0.04984869,0.04145811
0.0742,0.05135439,0.04146374
0.0742,0.05290556,0.04146938
0.0742,0.05450359,0.04147501
0.0742,0.05614988,0.04148064
0.0742,0.0578459,0.04148628
0.0742,0.05959316,0.04149191
0.0742,0.06139318,0.04149755
0.0742,0.06324758,0.04150318
0.0742,0.06515799,0.04150882
0.0742,0.06712612,0.04151447
0.0742,0.06915367,0.04152011
0.0742,0.07124247,0.04152574
0.0742,0.07339437,0.04153138
0.0742,0.07561126,0.04153703
0.0742,0.07789513,0.04154268
0.0742,0.08024797,0.04154831
0.0742,0.08267187,0.04155396
0.0742,0.08516902,0.0415596
0.0742,0.08774156,0.04156525
0.0742,0.09039183,0.04157089
0.0742,0.09312213,0.04157654
0.0742,0.0959349,0.04158219
0.0742,0.09883265,0.04158784
0.0742,0.1018179,0.04159348
0.0742,0.1048934,0.04159914
0.0742,0.1080617,0.04160479
0.0742,0.1113257,0.04161045
0.0742,0.1146883,0.0416161
0.0742,0.1181525,0.04162175
0.0742,0.1217214,0.0416274
0.0742,0.125398,0.04163306
0.0742,0.1291857,0.04163872
0.0742,0.1330878,0.04164437
0.0742,0.1371077,0.04165003
0.0742,0.1412491,0.04165569
0.0742,0.1455103,0.04195429
0.0742,0.1499109,0.041667
0.0742,0.154439,0.04167267
0.0742,0.1591039,0.04167833
0.0742,0.1639096,0.04168399
0.0742,0.1688606,0.04168965
0.0742,0.173961,0.04169532
0.0742,0.1792156,0.04170098
0.0742,0.1846288,0.04170665
0.0742,0.1901987,0.04200562
0.0742,0.1959508,0.04171798
0.0742,0.2018623,0.04201704
0.0742,0.2079671,0.04172932
0.0742,0.2142488,0.04173498
0.0742,0.2207202,0.04174065
0.0742,0.2273872,0.04174632
0.0742,0.234247,0.04204559
0.0742,0.2413312,0.04175766
0.0742,0.2486207,0.04176334
0.0742,0.2561303,0.04176901
0.0742,0.2638668,0.04177469
0.0742,0.271837,0.04178036
0.0742,0.2800479,0.04178604
0.0742,0.2885068,0.04179171
0.0742,0.2972105,0.0420913
0.0742,0.3061989,0.04180307
0.0742,0.3154477,0.04180875
0.0742,0.3249759,0.04181443
0.0742,0.3347919,0.04182011
0.0742,0.3449043,0.04182579
0.0742,0.3553735,0.04067529
0.0742,0.3661605,0.03955642
0.0742,0.3772749,0.03846834
0.0742,0.3887266,0.03741018
0.0742,0.400526,0.03638114
0.0742,0.4126835,0.0353804
0.0742,0.42521,0.03440718
0.0742,0.4381168,0.03346074
0.0742,0.4514153,0.03254034
0.0742,0.4651175,0.03164524
0.0742,0.4792529,0.03055988
0.0742,0.4938001,0.02971927
0.0742,0.5087888,0.02890178
0.0742,0.5242326,0.02810677
0.0742,0.540145,0.02733364
0.0742,0.5565405,0.02658176
0.0742,0.5734337,0.02585058
0.0742,0.5908396,0.02513951
0.0742,0.6087738,0.02444799
0.0742,0.6272751,0.02360948
0.0742,0.6463153,0.02296005
0.0742,0.6659095,0.02248549
0.0742,0.6861472,0.02171429
0.0742,0.7069489,0.02126548
0.0742,0.7284337,0.02053612
0.0742,0.7505175,0.02011167
0.0742,0.7733265,0.01942188
0.0742,0.7967999,0.01888764
0.0742,0.8209859,0.0183681
0.0742,0.845906,0.01786284
0.0742,0.8715824,0.01737149
0.0742,0.8980708,0.01677569
0.0742,0.9253306,0.01631424
0.0742,0.9533836,0.01597704
0.0742,0.9823579,0.01542907
0.0742,1.012176,0.01500466
0.0742,1.0429,0.01459192
0.0742,1.074556,0.01419054
0.0742,1.107173,0.0138002
0.0742,1.14078,0.0134206
0.0742,1.175407,0.01305144
0.0742,1.211085,0.01269243
0.0742,1.247891,0.01225711
0.0742,1.285723,0.01200376
0.0742,1.324797,0.01159206
0.0742,1.36501,0.0112732
0.0742,1.406443,0.0109631
0.0742,1.449134,0.01066154
0.0742,1.493175,0.01029588
0.0742,1.538499,0.01001267
0.0742,1.585198,0.009737247
0.0742,1.633315,0.009469403
0.0742,1.682892,0.009208926
0.0742,1.734037,0.008893081
0.0742,1.786607,0.008709271
0.0742,1.840838,0.008469704
0.0742,1.896714,0.00823673
0.0742,1.954358,0.007954229
0.0742,2.01368,0.00773543
0.0742,2.074728,0.007575547
0.0742,2.137704,0.007367165
0.0742,2.202671,0.007114488
0.0742,2.26953,0.006918789
0.0742,2.338419,0.006728472
0.0742,2.4094,0.006543394
0.0742,2.482445,0.006408149
0.0742,2.557796,0.006231879
0.0742,2.63534,0.006103074
0.0742,2.715431,0.005893752
0.0742,2.797754,0.005771935
0.0742,2.882781,0.00557397
0.0742,2.970284,0.005420646
0.0742,3.060443,0.00527154
0.0742,3.153226,0.005162583
0.0742,3.248939,0.005020577
0.0742,3.347557,0.004882475
0.0742,3.449168,0.004748172
0.0742,3.553863,0.004617563
0.0742,3.661869,0.004459191
0.0742,3.773157,0.004306251
0.0742,3.887687,0.004187798
0.0742,4.005837,0.004044168
0.0742,4.12743,0.003932924
0.0742,4.252867,0.003798034
0.0742,4.382116,0.00366777
0.0742,4.515293,0.003541974
0.0742,4.652517,0.003420492
0.0742,4.793911,0.003303178
0.0742,4.939425,0.003212317
0.0742,5.08954,0.003102142
0.0742,5.244405,0.002974827
0.0742,5.403788,0.002872798
0.0742,5.568015,0.002774267
0.0742,5.737232,0.002679117
0.0742,5.911379,0.002605422
0.0742,6.091032,0.002516062
0.0742,6.276145,0.002429767
0.0742,6.466883,0.002346431
0.0742,6.663418,0.002265954
0.0742,6.865926,0.002188238
0.0742,7.074588,0.002113187
0.0742,7.289592,0.002040709
0.0742,7.511131,0.001970717
0.0742,7.739401,0.001903126
0.0742,7.974323,0.001850776
0.0742,8.216965,0.00177482
0.0742,8.466383,0.001726
0.0742,8.723684,0.001666802
0.0742,8.988807,0.001609634
0.0742,9.261984,0.001554427
0.0742,9.543467,0.001501114
0.0742,9.833146,0.001459823
0.125,0.02488419,0.07239178
0.125,0.0256349,0.07291073
0.125,0.02640825,0.07343338
0.125,0.02720495,0.07395979
0.125,0.02802567,0.07448997
0.125,0.02887115,0.07502395
0.125,0.02974213,0.07556176
0.125,0.0306394,0.07610343
0.125,0.03156373,0.07664897
0.125,0.03251477,0.07774127
0.125,0.03349569,0.07829855
0.125,0.03450619,0.07885984
0.125,0.03554718,0.07942516
0.125,0.03661957,0.0799945
0.125,0.03772431,0.08056795
0.125,0.03886098,0.08171608
0.125,0.04003479,0.08172719
0.125,0.04124257,0.08231306
0.125,0.0424883,0.08232424
0.125,0.0437701,0.08291437
0.125,0.04509219,0.08292564
0.125,0.04645253,0.0835201
0.125,0.04785564,0.08353143
0.125,0.04929937,0.08413024
0.125,0.05078846,0.08414167
0.125,0.05232065,0.08474483
0.125,0.05390102,0.08475634
0.125,0.05552711,0.08536393
0.125,0.05720226,0.08597585
0.125,0.05892794,0.08659218
0.125,0.06070568,0.08721292
0.125,0.06253707,0.08783809
0.125,0.0644237,0.08846777
0.125,0.06636723,0.08910196
0.125,0.0683694,0.08974067
0.125,0.07043453,0.08975287
0.125,0.07255941,0.09039627
0.125,0.07474838,0.09104426
0.125,0.07700617,0.09105664
0.125,0.0793293,0.09170938
0.125,0.08172254,0.09236678
0.125,0.08419097,0.09237934
0.125,0.08673397,0.09239189
0.125,0.08935381,0.09240445
0.125,0.09205276,0.09241699
0.125,0.09483667,0.09178415
0.125,0.09770122,0.09179662
0.125,0.1006523,0.0918091
0.125,0.1036926,0.09182155
0.125,0.1068246,0.09183403
0.125,0.1100513,0.09184651
0.125,0.1133754,0.091859
0.125,0.1168,0.09187146
0.125,0.1203279,0.09188394
0.125,0.1239625,0.09189643
0.125,0.1277068,0.09190892
0.125,0.1315642,0.09192139
0.125,0.1355381,0.09193388
0.125,0.1396321,0.09194638
0.125,0.1438497,0.09195887
0.125,0.1481947,0.09197135
0.125,0.152671,0.09198385
0.125,0.1572825,0.09199635
0.125,0.1620332,0.09200885
0.125,0.1669275,0.09202134
0.125,0.1719696,0.09203384
0.125,0.177164,0.09204635
0.125,0.1825152,0.09205886
0.125,0.1880282,0.09207138
0.125,0.1937076,0.09208386
0.125,0.1995586,0.09209638
0.125,0.2055863,0.0921089
0.125,0.2117961,0.09212141
0.125,0.2181935,0.09213391
0.125,0.2247841,0.09214643
0.125,0.2315737,0.09215896
0.125,0.2385685,0.09217148
0.125,0.2457745,0.09218398
0.125,0.2531982,0.09219652
0.125,0.2608461,0.09220905
0.125,0.2687251,0.09222158
0.125,0.2768419,0.09223409
0.125,0.285204,0.09224663
0.125,0.2938187,0.09225916
0.125,0.3026936,0.0922717
0.125,0.3118365,0.09228422
0.125,0.3212557,0.09229676
0.125,0.3309592,0.0923093
0.125,0.3409559,0.09232185
0.125,0.3512673,0.09168964
0.125,0.3618774,0.0917021
0.125,0.3728215,0.09107415
0.125,0.3840965,0.09045051
0.125,0.3957125,0.08983114
0.125,0.4077092,0.08797443
0.125,0.4200696,0.08615609
0.125,0.4328047,0.08437534
0.125,0.4459259,0.0826314
0.125,0.4594449,0.08092351
0.125,0.4733738,0.07925092
0.125,0.4877073,0.07815865
0.125,0.5025293,0.07547798
0.125,0.517783,0.07340179
0.125,0.5335189,0.07088428
0.125,0.5497331,0.06845313
0.125,0.56644,0.06610534
0.125,0.5836337,0.06428697
0.125,0.6013492,0.06251863
0.125,0.6196025,0.06079892
0.125,0.6384099,0.05912651
0.125,0.657788,0.05750011
0.125,0.6777544,0.05591846
0.125,0.6983269,0.05438029
0.125,0.7195238,0.05288444
0.125,0.7413909,0.05107063
0.125,0.7638674,0.05001506
0.125,0.7870538,0.04863929
0.125,0.8109438,0.04730136
0.125,0.8355591,0.04600024
0.125,0.8609216,0.0447349
0.125,0.8870859,0.0432006
0.125,0.9140123,0.04201228
0.125,0.9417561,0.04085664
0.125,0.9703071,0.04001218
0.125,0.9997957,0.03863986
0.125,1.030106,0.03784122
0.125,1.061412,0.03654335
0.125,1.09363,0.03553814
0.125,1.126826,0.0345606
0.125,1.16103,0.03360993
0.125,1.196271,0.03268542
0.125,1.232627,0.03156438
0.125,1.270042,0.03069614
0.125,1.308593,0.02985178
0.125,1.348314,0.02903064
0.125,1.38929,0.02803496
0.125,1.431461,0.0272638
0.125,1.474911,0.02651385
0.125,1.51968,0.02578453
0.125,1.565865,0.02490018
0.125,1.613395,0.02421525
0.125,1.662368,0.02354915
0.125,1.712827,0.02290138
0.125,1.764818,0.02227143
0.125,1.818387,0.02165881
0.125,1.873582,0.02106304
0.125,1.930452,0.02048365
0.125,1.989049,0.01992021
0.125,2.049424,0.01937226
0.125,2.111709,0.01870784
0.125,2.175729,0.01832117
0.125,2.241851,0.01769279
0.125,2.3099,0.01720611
0.125,2.379929,0.01685048
0.125,2.452169,0.01638697
0.125,2.526601,0.01593622
0.125,2.603387,0.01538965
0.125,2.68241,0.01496632
0.125,2.763732,0.01465698
0.125,2.847622,0.01425381
0.125,2.934058,0.01386173
0.125,3.023118,0.01348043
0.125,3.114882,0.01310962
0.125,3.20943,0.01274901
0.125,3.306849,0.01239833
0.125,3.407224,0.01205729
0.125,3.510647,0.01172563
0.125,3.617209,0.01140309
0.125,3.727005,0.01108942
0.125,3.840134,0.01078438
0.125,3.956697,0.01048773
0.125,4.076798,0.01019925
0.125,4.200544,0.009918697
0.125,4.328047,0.009645862
0.125,4.459581,0.009315031
0.125,4.594781,0.009122499
0.125,4.73425,0.008871565
0.125,4.878129,0.00856729
0.125,5.026199,0.008331629
0.125,5.178763,0.008102449
0.125,5.335959,0.007879573
0.125,5.497926,0.007662832
0.125,5.664809,0.007452049
0.125,5.836758,0.007247064
0.125,6.014143,0.006998506
0.125,6.196695,0.006805997
0.125,6.384789,0.006618783
0.125,6.578592,0.006436719
0.125,6.778277,0.006259663
0.125,6.984025,0.006087481
0.125,7.195757,0.005961659
0.125,7.414176,0.005797671
0.125,7.6395,0.005598824
0.125,7.871389,0.005444816
0.125,8.110315,0.005295044
0.125,8.356494,0.005149392
0.125,8.610147,0.005007747
0.125,8.871498,0.00487
0.125,9.140781,0.00473604
0.125,9.418242,0.004605765
0.125,9.704121,0.004479073
0.25,0.03948811,0.2785491
0.25,0.04068085,0.2785869
0.25,0.04190964,0.2786247
0.25,0.04317552,0.2786626
0.25,0.04447644,0.2826337
0.25,0.04581821,0.2846598
0.25,0.04719876,0.2887163
0.25,0.04862267,0.290786
0.25,0.05009133,0.2908255
0.25,0.05160434,0.290865
0.25,0.05316307,0.2909046
0.25,0.05476887,0.2909441
0.25,0.05642319,0.2909836
0.25,0.05812746,0.2910231
0.25,0.05988321,0.2910627
0.25,0.06169201,0.2911022
0.25,0.06355543,0.2911417
0.25,0.06547514,0.2911813
0.25,0.06745283,0.2912209
0.25,0.06949025,0.2912604
0.25,0.07158924,0.2913
0.25,0.0737516,0.2913395
0.25,0.0759793,0.2913791
0.25,0.07827145,0.2934679
0.25,0.08063275,0.2955716
0.25,0.08306229,0.2997837
0.25,0.08556812,0.3019327
0.25,0.08815274,0.3019737
0.25,0.09081215,0.3041384
0.25,0.09355514,0.3041797
0.25,0.09638101,0.304221
0.25,0.09929222,0.3042624
0.25,0.1022914,0.3043037
0.25,0.1053811,0.304345
0.25,0.1085642,0.3043864
0.25,0.1118434,0.3044277
0.25,0.1152216,0.3044691
0.25,0.1187019,0.3045105
0.25,0.1222874,0.3045518
0.25,0.1259811,0.3045932
0.25,0.1297864,0.3046346
0.25,0.1337066,0.304676
0.25,0.1377453,0.3047173
0.25,0.1419059,0.3047588
0.25,0.1461922,0.3048001
0.25,0.150608,0.3048415
0.25,0.1551571,0.304883
0.25,0.1598437,0.3049244
0.25,0.1646718,0.3049658
0.25,0.1696458,0.3050072
0.25,0.17477,0.3050487
0.25,0.1800489,0.3050901
0.25,0.1854874,0.3051316
0.25,0.1910901,0.305173
0.25,0.196862,0.3052145
0.25,0.2028083,0.3052559
0.25,0.2089341,0.3052974
0.25,0.215245,0.3053389
0.25,0.2217466,0.3053804
0.25,0.2284445,0.3054218
0.25,0.2353447,0.3054633
0.25,0.2424534,0.3055048
0.25,0.2497858,0.3034128
0.25,0.2573399,0.3013352
0.25,0.2651129,0.3013761
0.25,0.2731305,0.2993124
0.25,0.2813907,0.2972628
0.25,0.2899006,0.2952272
0.25,0.2986679,0.2932056
0.25,0.3077003,0.2911978
0.25,0.317006,0.2892037
0.25,0.326593,0.2872233
0.25,0.3364699,0.2852565
0.25,0.3466706,0.2793606
0.25,0.3571934,0.2716762
0.25,0.3680223,0.266061
0.25,0.3791932,0.2587424
0.25,0.3907032,0.2516251
0.25,0.402548,0.2464243
0.25,0.4147519,0.241331
0.25,0.4273259,0.236343
0.25,0.440281,0.2314581
0.25,0.4536779,0.2219588
0.25,0.4674825,0.2128495
0.25,0.4817072,0.204114
0.25,0.4963288,0.1984994
0.25,0.5113759,0.1943966
0.25,0.5268601,0.1917173
0.25,0.5428328,0.1877548
0.25,0.5592695,0.1851671
0.25,0.5762247,0.1813399
0.25,0.593694,0.1775918
0.25,0.6117149,0.1727067
0.25,0.6302828,0.1679561
0.25,0.6494377,0.1621956
0.25,0.6691266,0.1588432
0.25,0.689462,0.1533952
0.25,0.7103898,0.1491758
0.25,0.7319529,0.1450724
0.25,0.7541705,0.1410818
0.25,0.7770625,0.1372011
0.25,0.8006493,0.1334271
0.25,0.8249819,0.1288508
0.25,0.8500232,0.1253065
0.25,0.8758247,0.1218597
0.25,0.9024094,0.1185077
0.25,0.929801,0.1152479
0.25,0.9580586,0.1112952
0.25,0.9871393,0.1082337
0.25,1.01714,0.1045216
0.25,1.048014,0.1016465
0.25,1.079825,0.09885049
0.25,1.112602,0.09613139
0.25,1.146415,0.0928343
0.25,1.181213,0.0902807
0.25,1.217067,0.08779734
0.25,1.25401,0.08538229
0.25,1.292121,0.08245387
0.25,1.331342,0.08018579
0.25,1.371753,0.07798013
0.25,1.413391,0.07583512
0.25,1.456345,0.07323414
0.25,1.500551,0.07121968
0.25,1.546098,0.06926064
0.25,1.593086,0.06688516
0.25,1.641442,0.06504533
0.25,1.691266,0.06325612
0.25,1.742603,0.06151614
0.25,1.795498,0.059824
0.25,1.849998,0.05817841
0.25,1.906152,0.05657809
0.25,1.964012,0.0550218
0.25,2.023627,0.0535083
0.25,2.085127,0.05167309
0.25,2.148341,0.05060507
0.25,2.213631,0.04886944
0.25,2.280824,0.04752517
0.25,2.350055,0.04621789
0.25,2.421389,0.04494657
0.25,2.494887,0.04371022
0.25,2.570617,0.04250788
0.25,2.64874,0.04104996
0.25,2.729041,0.0402015
0.25,2.81198,0.03882269
0.25,2.89723,0.03802027
0.25,2.98528,0.03671626
0.25,3.075894,0.0357063
0.25,3.169259,0.03472413
0.25,3.265576,0.03353317
0.25,3.364699,0.03261076
0.25,3.466831,0.03171374
0.25,3.572062,0.03084139
0.25,3.680356,0.03020393
0.25,3.792069,0.0293731
0.25,3.907032,0.028766
0.25,4.025625,0.02797472
0.25,4.147968,0.02701526
0.25,4.273875,0.02627215
0.25,4.403604,0.02554947
0.25,4.53727,0.02484668
0.25,4.674994,0.02416322
0.25,4.816724,0.0236638
0.25,4.962931,0.02301287
0.25,5.113575,0.02237985
0.25,5.268981,0.02161227
0.25,5.428915,0.02101779
0.25,5.593704,0.02043965
0.25,5.76391,0.01960078
0.25,5.939295,0.01879636
0.25,6.119355,0.01840786
0.25,6.305101,0.01790151
0.25,6.496251,0.01753151
0.25,6.693196,0.01716915
0.25,6.89636,0.01669688
0.25,7.105691,0.01623759
0.25,7.321376,0.01579094
0.25,7.54388,0.01524935
0.25,7.772866,0.01482988
0.25,8.008803,0.01442195
0.25,8.252198,0.01392732
0.25,8.503298,0.01335573
0.25,8.762038,0.0128076
0.25,9.028324,0.01236833
0.25,9.302032,0.01211269
0.25,9.584387,0.0117795
0.25,9.874599,0.01161715
0.5,0.04832903,0.9436727
0.5,0.04978881,0.9438009
0.5,0.05129086,0.9505665
0.5,0.05284011,0.9506957
0.5,0.05443615,0.9508249
0.5,0.05608042,0.950954
0.5,0.05777018,0.9645057
0.5,0.05951299,0.9714198
0.5,0.06131059,0.9715517
0.5,0.06316023,0.9785163
0.5,0.065068,0.9786492
0.5,0.06702856,0.9925956
0.5,0.0690482,1.006741
0.5,0.07113125,1.013958
0.5,0.07327715,1.021226
0.5,0.07548777,1.028547
0.5,0.07776511,1.03592
0.5,0.08011402,1.036061
0.5,0.08253091,1.043488
0.5,0.08502071,1.050968
0.5,0.08758564,1.058502
0.5,0.09022141,1.081135
0.5,0.09293988,1.096542
0.5,0.09574369,1.104403
0.5,0.09863212,1.112319
0.5,0.1016113,1.112471
0.5,0.1046767,1.120445
0.5,0.1078385,1.120598
0.5,0.1110918,1.128631
0.5,0.1144474,1.128784
0.5,0.1179,1.136876
0.5,0.1214612,1.13703
0.5,0.1251255,1.145181
0.5,0.1289049,1.145336
0.5,0.1327938,1.153547
0.5,0.1368048,1.153703
0.5,0.140932,1.161974
0.5,0.1451941,1.154017
0.5,0.1495905,1.138112
0.5,0.1541201,1.122426
0.5,0.1587868,1.106956
0.5,0.1636006,1.084076
0.5,0.1685544,1.069135
0.5,0.1736582,1.0544
0.5,0.1789035,1.054543
0.5,0.184314,1.047322
0.5,0.1898881,1.04015
0.5,0.1956308,1.033027
0.5,0.2015471,1.025954
0.5,0.2076424,1.018928
0.5,0.213922,1.011951
0.5,0.2203995,0.9980037
0.5,0.2270649,0.9911696
0.5,0.2339319,0.9843824
0.5,0.2410066,0.9776416
0.5,0.2483041,0.9641673
0.5,0.2558227,0.9508787
0.5,0.2635689,0.9377732
0.5,0.2715496,0.9248483
0.5,0.279772,0.9121016
0.5,0.288233,0.9058558
0.5,0.2969606,0.8933709
0.5,0.3059524,0.881058
0.5,0.3152052,0.8750248
0.5,0.3247494,0.8629647
0.5,0.3345827,0.851071
0.5,0.3447137,0.8393411
0.5,0.3551643,0.8219929
0.5,0.3659317,0.8050032
0.5,0.3770256,0.7883648
0.5,0.3884557,0.7720702
0.5,0.4002469,0.7508327
0.5,0.4124108,0.7250809
0.5,0.424929,0.705136
0.5,0.4378431,0.6809515
0.5,0.4511333,0.6622205
0.5,0.4648437,0.6395079
0.5,0.4789535,0.6219168
0.5,0.4935094,0.6005865
0.5,0.5084893,0.5840662
0.5,0.5239239,0.5680001
0.5,0.539827,0.5523761
0.5,0.5562329,0.5334309
0.5,0.5731167,0.5187577
0.5,0.5905343,0.5009656
0.5,0.6084812,0.4837836
0.5,0.6269736,0.467191
0.5,0.646028,0.4511674
0.5,0.6656615,0.4356934
0.5,0.6858668,0.4237087
0.5,0.706711,0.4091765
0.5,0.7281624,0.3979213
0.5,0.7502649,0.3869756
0.5,0.7730384,0.376331
0.5,0.7965605,0.3608861
0.5,0.8207688,0.3485085
0.5,0.8457433,0.3342055
0.5,0.8714777,0.3204894
0.5,0.8979304,0.3116737
0.5,0.9251861,0.3031004
0.5,0.9532691,0.294763
0.5,0.9822044,0.2866549
0.5,1.012018,0.2787699
0.5,1.042774,0.2692087
0.5,1.074427,0.2618036
0.5,1.10704,0.2546021
0.5,1.140643,0.2475987
0.5,1.175265,0.240788
0.5,1.210939,0.2341646
0.5,1.247696,0.2277234
0.5,1.285568,0.2214594
0.5,1.32459,0.2153677
0.5,1.364846,0.2079811
0.5,1.406224,0.2036823
0.5,1.44896,0.1966965
0.5,1.492942,0.191286
0.5,1.538258,0.1860242
0.5,1.58495,0.1809072
0.5,1.63306,0.175931
0.5,1.682629,0.1710916
0.5,1.733704,0.1663854
0.5,1.786328,0.1618086
0.5,1.84055,0.1573577
0.5,1.896418,0.1530293
0.5,1.953982,0.1488199
0.5,2.013293,0.1447263
0.5,2.074404,0.1407453
0.5,2.13737,0.1368738
0.5,2.202247,0.1331088
0.5,2.269094,0.1294473
0.5,2.336958,0.125
0.5,2.408154,0.121
0.5,2.48143,0.118
0.5,2.557028,0.113
0.5,2.634929,0.111
0.5,2.715105,0.1087348
0.5,2.797518,0.1057438
0.5,2.882434,0.1028351
0.5,2.969927,0.1000064
0.5,3.060076,0.09725549
0.5,3.152961,0.09458029
0.5,3.248665,0.09197865
0.5,3.347275,0.08944858
0.5,3.448878,0.0869881
0.5,3.553564,0.08459532
0.5,3.661429,0.08226834
0.5,3.772703,0.07944673
0.5,3.887079,0.07780465
0.5,4.005211,0.07513615
0.5,4.126785,0.07306936
0.5,4.252049,0.07105943
0.5,4.381273,0.06862225
0.5,4.514262,0.06673466
0.5,4.651287,0.06489898
0.5,4.792472,0.06311379
0.5,4.937941,0.06137771
0.5,5.087827,0.0596894
0.5,5.242262,0.05804751
0.5,5.401385,0.05645078
0.5,5.565338,0.05489798
0.5,5.734268,0.0533879
0.5,5.908325,0.05191936
0.5,6.087884,0.05013864
0.5,6.272676,0.04875947
0.5,6.463076,0.04741823
0.5,6.659255,0.0461139
0.5,6.861637,0.0445323
0.5,7.069913,0.04330734
0.5,7.284513,0.04211609
0.5,7.505626,0.04095759
0.5,7.73345,0.03983096
0.5,7.96819,0.03873533
0.5,8.209761,0.03793471
0.5,8.459263,0.03663364
0.5,8.716033,0.03562596
0.5,8.9806,0.03464599
0.5,9.253195,0.03369297
0.5,9.534064,0.03276618
0.5,9.807181,0.0439842
1,0.04773961,2.413169
1,0.05141738,2.500063
1,0.05705944,2.51884
1,0.06054756,2.609361
1,0.07131187,2.629673
1,0.07511041,2.724086
1,0.08587307,2.725752
1,0.09457601,2.824189
1,0.1122136,2.886439
1,0.1341347,2.950161
1,0.1847021,2.954473
1,0.2080796,2.874375
1,0.2326869,2.776827
1,0.2763998,2.267968
1,0.3209855,1.958962
1,0.3727229,1.728003
1,0.4109265,1.46117
1,0.456396,1.25302
1,0.5108292,1.01598
1,0.5675576,0.8122897
1,0.6208473,0.7418687
1,0.6793855,0.6317014
1,0.7601948,0.5417312
1,0.8379627,0.4744123
1,0.93055,0.4183944
1,1.056766,0.363893
1,1.208933,0.3232256
1,1.618269,0.2428355
1,1.837699,0.2126881
1,2.102314,0.1889188
1,2.4594,0.1666512
1,2.835055,0.1429353
1,3.495028,0.1184098
1,4.24485,0.09877553
1,5.155537,0.08239695
1,6.168681,0.0696995
1,7.548324,0.05773818
1,8.570913,0.05164444
1,9.731332,0.04684576
2,0.04751636,6.000621
2,0.05938081,6.353072
2,0.0709784,6.538984
2,0.08359106,6.682889
2,0.1014039,7.025054
2,0.1221185,7.180386
2,0.1427424,7.441718
2,0.1668794,7.447027
2,0.186574,7.503214
2,0.2102111,7.147947
2,0.2317157,6.259697
2,0.2461381,5.292196
2,0.2594641,4.666193
2,0.2776517,4.000794
2,0.2928316,3.19793
2,0.3041925,2.703381
2,0.3136068,2.350192
2,0.3257737,1.986743
2,0.338315,1.776336
2,0.3620297,1.523031
2,0.3874765,1.260889
2,0.4054272,1.111703
2,0.4241942,0.9870604
2,0.4607167,0.8523147
2,0.5194222,0.7157435
2,0.5943865,0.6010966
2,0.6650617,0.5191102
2,0.749643,0.4546486
2,0.8138926,0.4210789
2,0.8576168,0.4010188
2,0.9524788,0.3463102
2,1.114261,0.305491
2,1.265167,0.2751706
2,1.394292,0.2513234
2,1.491328,0.2360355
2,1.693117,0.2171253
2,2.010681,0.1862518
2,2.813839,0.1449476
2,3.31684,0.124333
2,4.028433,0.1037166
2,4.678085,0.09021533
2,5.432505,0.07847159
2,6.308815,0.06777997
2,7.325954,0.05937131
2,8.256465,0.05347681
2,9.731332,0.04684576
4,0.04702833,10.51073
4,0.05066044,10.5143
4,0.05789459,11.44362
4,0.06866174,12.72184
4,0.08391519,13.37365
4,0.1002901,14.15628
4,0.114636,14.77316
4,0.1360195,14.99336
4,0.1499613,12.67813
4,0.1592952,10.7186
4,0.1679679,8.935512
4,0.1757938,7.501175
4,0.1812278,6.567025
4,0.1854316,5.830146
4,0.1868567,5.590303
4,0.1999259,4.929371
4,0.2171784,4.109908
4,0.2358686,3.57381
4,0.2542777,3.085837
4,0.2823528,2.759874
4,0.2909128,2.70283
4,0.3253511,2.556789
4,0.3640367,2.208056
4,0.4197163,1.828629
4,0.4629202,1.431552
4,0.5028313,1.210414
4,0.5340514,1.05242
4,0.567169,0.927963
4,0.6023619,0.8125104
4,0.6397617,0.7064543
4,0.700058,0.6057758
4,0.7658438,0.5455591
4,0.8378116,0.4913282
4,0.9030387,0.4393684
4,0.9516893,0.4068717
4,1.04882,0.3716109
4,1.155906,0.3370359
4,1.283438,0.3056882
4,1.490468,0.2640387
4,1.618328,0.2411399
4,1.783561,0.218704
4,2.055764,0.1915655
4,2.334011,0.1749876
4,2.591712,0.1565032
4,2.856328,0.1419421
4,3.267618,0.1260791
4,3.794576,0.1096668
4,4.308792,0.09740756
4,4.820083,0.08773375
4,5.473269,0.07792629
4,6.261603,0.0687342
4,7.00462,0.06190804
4,7.777444,0.05614997
4,8.635537,0.05092746
4,9.731685,0.04651866
5.2,0.04663434,12.69939
5.2,0.05060567,12.97402
5.2,0.05655761,14.02072
5.2,0.06181892,14.93948
5.2,0.06807424,15.91899
5.2,0.07440688,16.96215
5.2,0.08193003,18.32935
5.2,0.09157276,19.53245
5.2,0.103137,19.95823
5.2,0.1205682,20.25434
5.2,0.139911,20.2681
5.2,0.1552859,19.85593
5.2,0.1636813,17.75428
5.2,0.168753,15.32696
5.2,0.1726675,13.60714
5.2,0.1753633,12.07989
5.2,0.1781333,10.35484
5.2,0.1809209,9.128435
5.2,0.1837721,7.879884
5.2,0.1879943,7.296079
5.2,0.1967177,6.343299
5.2,0.2043129,5.553532
5.2,0.2169983,4.828635
5.2,0.2322343,4.053951
5.2,0.2465822,3.728025
5.2,0.2598854,3.404248
5.2,0.2739854,2.939128
5.2,0.2844715,2.740695
5.2,0.3089194,2.433826
5.2,0.3207425,2.269509
5.2,0.3697336,1.946539
5.2,0.3867647,1.802507
5.2,0.4076602,1.623054
5.2,0.43622,1.401393
5.2,0.4632876,1.227038
5.2,0.5108292,1.01598
5.2,0.5803671,0.8123724
5.2,0.6162235,0.74706
5.2,0.6642948,0.6495912
5.2,0.7377465,0.5649158
5.2,0.8316618,0.4844742
5.2,0.9305165,0.4213364
5.2,1.04882,0.3716109
5.2,1.155906,0.3370359
5.2,1.312499,0.3014648
5.2,1.468296,0.2696296
5.2,1.642646,0.2394723
5.2,1.865381,0.2097425
5.2,2.07119,0.1902343
5.2,2.369169,0.1725641
5.2,2.792983,0.1449427
5.2,3.341728,0.123469
5.2,3.851736,0.108148
5.2,4.43958,0.09472815
5.2,5.041202,0.0841388
5.2,5.810371,0.07421643
5.2,6.6475,0.06500486
5.2,7.492106,0.05814221
5.2,8.318419,0.05310521
5.2,9.731332,0.04684576
