"Date","VOC, ppm","AQS","Air quality health index (AQHI) - Canada","Temperature, Â°C","Humidity, %","Pressure, mbar","PM1, ug/m3","PM2.5, ug/m3","PM2.5 (avg 3h), ug/m3","PM10, ug/m3","PM10 (avg 3h), ug/m3","Latitude","Longitude"
"2023-05-22 00:26:00","0.146","37","3","25","33.0","928.88","66.0","72.0","72.26111","75.0","76.31111","",""
"2023-05-22 00:25:00","0.145","35","3","25","33.0","928.87","68.0","74.0","72.244446","77.0","76.3","",""
"2023-05-22 00:24:00","0.143","35","3","25","33.0","928.89","68.0","74.0","72.21667","77.0","76.27778","",""
"2023-05-22 00:23:00","0.141","35","3","25","33.0","928.95","68.0","74.0","72.18889","77.0","76.255554","",""
"2023-05-22 00:22:00","0.14","35","3","25","33.0","929.02","68.0","74.0","72.16111","77.0","76.23333","",""
"2023-05-22 00:21:00","0.139","35","3","25","33.0","929.13","68.0","74.0","72.13333","77.0","76.21111","",""
"2023-05-22 00:20:00","0.138","35","3","25","33.0","929.22","68.0","74.0","72.10555","77.0","76.18889","",""
"2023-05-22 00:19:00","0.137","35","3","25","33.0","929.25","68.0","74.0","72.077774","77.0","76.166664","",""
"2023-05-22 00:18:00","0.136","35","3","25","33.0","929.28","68.0","74.0","72.05","77.0","76.14445","",""
"2023-05-22 00:17:00","0.135","35","3","25","33.0","929.28","68.0","74.0","72.022224","77.0","76.12222","",""
"2023-05-22 00:16:00","0.134","35","3","25","33.0","929.29","68.0","74.0","71.994446","77.0","76.1","",""
"2023-05-22 00:15:00","0.133","35","3","25","33.0","929.33","68.0","74.0","71.96667","77.0","76.077774","",""
"2023-05-22 00:14:00","0.133","35","3","25","33.0","929.36","68.0","74.0","71.93889","77.0","76.05556","",""
"2023-05-22 00:13:00","0.134","35","3","25","33.0","929.36","68.0","74.0","71.916664","77.0","76.05","",""
"2023-05-22 00:12:00","0.137","35","3","25","33.0","929.37","68.0","74.0","71.86667","77.0","76.0","",""
"2023-05-22 00:11:00","0.143","37","3","25","33.0","929.36","65.0","72.0","71.833336","77.0","75.96667","",""
"2023-05-22 00:10:00","0.147","38","3","25","33.0","929.31","64.0","70.0","71.81111","73.0","75.933334","",""
"2023-05-22 00:09:00","0.146","36","3","25","33.0","929.24","67.0","73.0","71.8","76.0","75.922226","",""
"2023-05-22 00:08:00","0.145","36","3","25","33.0","929.22","67.0","73.0","71.772224","76.0","75.89445","",""
"2023-05-22 00:07:00","0.143","36","3","25","33.0","929.26","67.0","73.0","71.744446","76.0","75.86667","",""
"2023-05-22 00:06:00","0.141","36","3","25","33.0","929.33","67.0","73.0","71.71667","76.0","75.83889","",""
"2023-05-22 00:05:00","0.14","36","3","25","33.0","929.39","67.0","73.0","71.68889","76.0","75.81111","",""
"2023-05-22 00:04:00","0.139","36","3","25","33.0","929.42","67.0","73.0","71.66111","76.0","75.78333","",""
"2023-05-22 00:03:00","0.138","36","3","25","33.0","929.43","67.0","73.0","71.63333","76.0","75.755554","",""
"2023-05-22 00:02:00","0.137","36","3","25","33.0","929.44","67.0","73.0","71.60555","76.0","75.727776","",""
"2023-05-22 00:01:00","0.136","36","3","25","33.0","929.42","67.0","73.0","71.577774","76.0","75.7","",""
"2023-05-22 00:00:00","0.135","36","3","25","33.0","929.38","67.0","73.0","71.55","76.0","75.672226","",""
"2023-05-21 23:59:00","0.134","36","3","25","33.0","929.36","67.0","73.0","71.522224","76.0","75.64445","",""
"2023-05-21 23:58:00","0.134","36","3","25","33.0","929.35","67.0","73.0","71.494446","76.0","75.61667","",""
"2023-05-21 23:57:00","0.135","36","3","25","33.0","929.29","67.0","73.0","71.45556","76.0","75.6","",""
"2023-05-21 23:56:00","0.138","36","3","25","33.0","929.26","67.0","73.0","71.38333","76.0","75.53333","",""
"2023-05-21 23:55:00","0.143","37","3","25","33.0","929.23","65.0","71.0","71.33889","75.0","75.48889","",""
"2023-05-21 23:54:00","0.148","40","3","25","33.0","929.16","61.0","69.0","71.30556","75.0","75.45","",""
"2023-05-21 23:53:00","0.147","37","3","25","33.0","929.09","66.0","73.0","71.28333","78.0","75.41111","",""
"2023-05-21 23:52:00","0.145","37","3","25","33.0","929.06","66.0","73.0","71.23889","78.0","75.35555","",""
"2023-05-21 23:51:00","0.144","37","3","25","33.0","929.05","66.0","73.0","71.19444","78.0","75.3","",""
"2023-05-21 23:50:00","0.143","37","3","25","33.0","929.02","66.0","73.0","71.15","78.0","75.244446","",""
"2023-05-21 23:49:00","0.141","37","3","25","33.0","929.03","66.0","73.0","71.10555","78.0","75.18889","",""
"2023-05-21 23:48:00","0.14","37","3","25","33.0","929.02","66.0","73.0","71.06111","78.0","75.13333","",""
"2023-05-21 23:47:00","0.139","37","3","25","33.0","929.02","66.0","73.0","71.01667","78.0","75.077774","",""
"2023-05-21 23:46:00","0.138","37","3","25","33.0","929.03","66.0","73.0","70.97222","78.0","75.022224","",""
"2023-05-21 23:45:00","0.137","37","3","25","33.0","929.03","66.0","73.0","70.92778","78.0","74.96667","",""
"2023-05-21 23:44:00","0.136","37","3","25","33.0","929.06","66.0","73.0","70.88333","78.0","74.91111","",""
"2023-05-21 23:43:00","0.135","37","3","25","33.0","929.08","66.0","73.0","70.83889","78.0","74.85555","",""
"2023-05-21 23:42:00","0.135","37","3","25","33.0","929.08","66.0","73.0","70.79444","78.0","74.8","",""
"2023-05-21 23:41:00","0.136","37","3","25","33.0","929.11","66.0","73.0","70.744446","78.0","74.73889","",""
"2023-05-21 23:40:00","0.138","37","3","25","33.0","929.13","66.0","73.0","70.66111","78.0","74.638885","",""
"2023-05-21 23:39:00","0.143","37","3","25","33.0","929.13","66.0","76.0","70.583336","84.0","74.54444","",""
"2023-05-21 23:38:00","0.148","38","3","25","33.0","929.13","64.0","75.0","70.48889","85.0","74.416664","",""
"2023-05-21 23:37:00","0.147","36","3","25","33.0","929.17","67.0","75.0","70.4","80.0","74.28333","",""
"2023-05-21 23:36:00","0.146","36","3","25","33.0","929.18","67.0","75.0","70.31111","80.0","74.17778","",""
"2023-05-21 23:35:00","0.144","36","3","25","33.0","929.18","67.0","75.0","70.22222","80.0","74.07222","",""
"2023-05-21 23:34:00","0.142","36","3","25","33.0","929.21","67.0","75.0","70.13333","80.0","73.96667","",""
"2023-05-21 23:33:00","0.141","36","3","25","33.0","929.24","67.0","75.0","70.04444","80.0","73.861115","",""
"2023-05-21 23:32:00","0.14","36","3","25","33.0","929.24","67.0","75.0","69.95556","80.0","73.755554","",""
"2023-05-21 23:31:00","0.139","36","3","25","33.0","929.27","67.0","75.0","69.86667","80.0","73.65","",""
"2023-05-21 23:30:00","0.138","36","3","25","33.0","929.31","67.0","75.0","69.77778","80.0","73.54444","",""
"2023-05-21 23:29:00","0.137","36","3","25","33.0","929.30","67.0","75.0","69.68889","80.0","73.43889","",""
"2023-05-21 23:28:00","0.136","36","3","25","33.0","929.28","67.0","75.0","69.6","80.0","73.333336","",""
"2023-05-21 23:27:00","0.135","36","3","25","33.0","929.26","67.0","75.0","69.51111","80.0","73.227776","",""
"2023-05-21 23:26:00","0.135","36","3","25","33.0","929.28","67.0","75.0","69.422226","80.0","73.12222","",""
"2023-05-21 23:25:00","0.136","36","3","25","34.0","929.28","67.0","75.0","69.327774","80.0","73.01667","",""
"2023-05-21 23:24:00","0.138","36","3","25","33.0","929.30","67.0","75.0","69.22222","80.0","72.91111","",""
"2023-05-21 23:23:00","0.143","37","3","25","33.0","929.29","66.0","75.0","69.12778","81.0","72.81111","",""
"2023-05-21 23:22:00","0.149","38","3","25","33.0","929.28","63.0","72.0","69.03333","80.0","72.70556","",""
"2023-05-21 23:21:00","0.148","37","3","25","33.0","929.29","66.0","73.0","68.95556","77.0","72.60555","",""
"2023-05-21 23:20:00","0.146","37","3","25","33.0","929.31","66.0","73.0","68.87222","77.0","72.522224","",""
"2023-05-21 23:19:00","0.145","37","3","25","33.0","929.30","66.0","73.0","68.78889","77.0","72.43889","",""
"2023-05-21 23:18:00","0.143","37","3","25","33.0","929.30","66.0","73.0","68.70556","77.0","72.35555","",""
"2023-05-21 23:17:00","0.141","37","3","25","33.0","929.28","66.0","73.0","68.62222","77.0","72.272224","",""
"2023-05-21 23:16:00","0.14","37","3","25","33.0","929.30","66.0","73.0","68.53889","77.0","72.18889","",""
"2023-05-21 23:15:00","0.139","37","3","25","33.0","929.29","66.0","73.0","68.45556","77.0","72.10555","",""
"2023-05-21 23:14:00","0.138","37","3","25","33.0","929.29","66.0","73.0","68.37222","77.0","72.022224","",""
"2023-05-21 23:13:00","0.137","37","3","25","33.0","929.29","66.0","73.0","68.28889","77.0","71.93889","",""
"2023-05-21 23:12:00","0.136","37","3","25","34.0","929.31","66.0","73.0","68.20556","77.0","71.85555","",""
"2023-05-21 23:11:00","0.135","37","3","25","34.0","929.29","66.0","73.0","68.12222","77.0","71.772224","",""
"2023-05-21 23:10:00","0.135","37","3","25","34.0","929.30","66.0","73.0","68.03889","77.0","71.68889","",""
"2023-05-21 23:09:00","0.135","37","3","25","34.0","929.32","66.0","73.0","67.96111","77.0","71.62222","",""
"2023-05-21 23:08:00","0.137","37","3","25","34.0","929.32","66.0","73.0","67.87222","77.0","71.55","",""
"2023-05-21 23:07:00","0.141","37","3","25","34.0","929.32","66.0","73.0","67.772224","78.0","71.44444","",""
"2023-05-21 23:06:00","0.147","39","3","25","33.0","929.32","62.0","71.0","67.672226","78.0","71.333336","",""
"2023-05-21 23:05:00","0.147","36","3","25","33.0","929.30","67.0","74.0","67.583336","79.0","71.22222","",""
"2023-05-21 23:04:00","0.146","36","3","25","33.0","929.30","67.0","74.0","67.477776","79.0","71.10555","",""
"2023-05-21 23:03:00","0.145","36","3","25","33.0","929.32","67.0","74.0","67.37222","79.0","70.98889","",""
"2023-05-21 23:02:00","0.144","36","3","25","33.0","929.31","67.0","74.0","67.26667","79.0","70.87222","",""
"2023-05-21 23:01:00","0.143","36","3","25","33.0","929.32","67.0","74.0","67.16111","79.0","70.755554","",""
"2023-05-21 23:00:00","0.142","36","3","25","34.0","929.33","67.0","74.0","67.05556","79.0","70.638885","",""
"2023-05-21 22:59:00","0.141","36","3","25","33.0","929.35","67.0","74.0","66.95","79.0","70.522224","",""
"2023-05-21 22:58:00","0.14","36","3","25","33.0","929.33","67.0","74.0","66.844444","79.0","70.405556","",""
"2023-05-21 22:57:00","0.139","36","3","25","34.0","929.33","67.0","74.0","66.73889","79.0","70.28889","",""
"2023-05-21 22:56:00","0.138","36","3","25","34.0","929.34","67.0","74.0","66.63333","79.0","70.172226","",""
"2023-05-21 22:55:00","0.137","36","3","25","34.0","929.34","67.0","74.0","66.52778","79.0","70.05556","",""
"2023-05-21 22:54:00","0.137","36","3","25","34.0","929.34","67.0","74.0","66.422226","79.0","69.93889","",""
"2023-05-21 22:53:00","0.137","36","3","25","34.0","929.35","67.0","74.0","66.316666","79.0","69.816666","",""
"2023-05-21 22:52:00","0.139","36","3","25","34.0","929.33","67.0","74.0","66.172226","79.0","69.66111","",""
"2023-05-21 22:51:00","0.143","37","3","25","34.0","929.35","66.0","73.0","66.05","78.0","69.52778","",""
"2023-05-21 22:50:00","0.149","39","3","25","33.0","929.31","62.0","70.0","65.933334","76.0","69.4","",""
"2023-05-21 22:49:00","0.149","35","3","25","33.0","929.33","68.0","75.0","65.833336","79.0","69.28333","",""
"2023-05-21 22:48:00","0.147","35","3","25","34.0","929.35","68.0","75.0","65.70556","79.0","69.15","",""
"2023-05-21 22:47:00","0.146","35","3","25","34.0","929.36","68.0","75.0","65.577774","79.0","69.01667","",""
"2023-05-21 22:46:00","0.144","35","3","25","34.0","929.35","68.0","75.0","65.45","79.0","68.88333","",""
"2023-05-21 22:45:00","0.142","35","3","25","34.0","929.36","68.0","75.0","65.32222","79.0","68.75","",""
"2023-05-21 22:44:00","0.141","35","3","25","34.0","929.40","68.0","75.0","65.19444","79.0","68.61667","",""
"2023-05-21 22:43:00","0.14","35","3","25","34.0","929.39","68.0","75.0","65.066666","79.0","68.48333","",""
"2023-05-21 22:42:00","0.139","35","3","25","34.0","929.39","68.0","75.0","64.93889","79.0","68.35","",""
"2023-05-21 22:41:00","0.138","35","3","25","34.0","929.39","68.0","75.0","64.81111","79.0","68.21667","",""
"2023-05-21 22:40:00","0.137","35","3","25","34.0","929.41","68.0","75.0","64.683334","79.0","68.083336","",""
"2023-05-21 22:39:00","0.136","35","3","25","34.0","929.39","68.0","75.0","64.55556","79.0","67.95","",""
"2023-05-21 22:38:00","0.136","35","3","25","34.0","929.39","68.0","75.0","64.42778","79.0","67.816666","",""
"2023-05-21 22:37:00","0.136","35","3","25","34.0","929.43","68.0","75.0","64.3","79.0","67.67778","",""
"2023-05-21 22:36:00","0.138","35","3","25","34.0","929.41","68.0","75.0","64.15","79.0","67.51667","",""
"2023-05-21 22:35:00","0.142","36","3","25","34.0","929.43","67.0","75.0","64.01667","79.0","67.37222","",""
"2023-05-21 22:34:00","0.148","38","3","25","34.0","929.43","63.0","73.0","63.883335","80.0","67.227776","",""
"2023-05-21 22:33:00","0.149","37","3","25","34.0","929.43","66.0","72.0","63.761112","74.0","67.077774","",""
"2023-05-21 22:32:00","0.147","37","3","25","34.0","929.42","66.0","72.0","63.644444","74.0","66.96111","",""
"2023-05-21 22:31:00","0.146","37","3","25","34.0","929.42","66.0","72.0","63.52778","74.0","66.844444","",""
"2023-05-21 22:30:00","0.145","37","3","25","34.0","929.45","66.0","72.0","63.41111","74.0","66.727776","",""
"2023-05-21 22:29:00","0.143","37","3","25","34.0","929.43","66.0","72.0","63.294445","74.0","66.611115","",""
"2023-05-21 22:28:00","0.141","37","3","25","34.0","929.43","66.0","72.0","63.177776","74.0","66.494446","",""
"2023-05-21 22:27:00","0.14","37","3","25","34.0","929.43","66.0","72.0","63.06111","74.0","66.37778","",""
"2023-05-21 22:26:00","0.139","37","3","25","34.0","929.46","66.0","72.0","62.944443","74.0","66.26111","",""
"2023-05-21 22:25:00","0.138","37","3","25","34.0","929.47","66.0","72.0","62.827778","74.0","66.14445","",""
"2023-05-21 22:24:00","0.137","37","3","25","34.0","929.45","66.0","72.0","62.711113","74.0","66.02778","",""
"2023-05-21 22:23:00","0.136","37","3","25","34.0","929.44","66.0","72.0","62.594444","74.0","65.91111","",""
"2023-05-21 22:22:00","0.136","37","3","25","34.0","929.45","66.0","72.0","62.47778","74.0","65.79444","",""
"2023-05-21 22:21:00","0.136","37","3","25","34.0","929.47","66.0","72.0","62.36111","74.0","65.67778","",""
"2023-05-21 22:20:00","0.137","37","3","25","34.0","929.48","66.0","72.0","62.233334","74.0","65.57222","",""
"2023-05-21 22:19:00","0.141","37","3","25","34.0","929.49","66.0","72.0","62.105556","74.0","65.44444","",""
"2023-05-21 22:18:00","0.147","40","3","25","34.0","929.49","61.0","67.0","61.97778","69.0","65.316666","",""
"2023-05-21 22:17:00","0.149","37","3","25","34.0","929.51","65.0","71.0","61.877777","75.0","65.21667","",""
"2023-05-21 22:16:00","0.148","37","3","25","34.0","929.51","65.0","71.0","61.755554","75.0","65.083336","",""
"2023-05-21 22:15:00","0.147","37","3","25","34.0","929.47","65.0","71.0","61.633335","75.0","64.95","",""
"2023-05-21 22:14:00","0.146","37","3","25","34.0","929.49","65.0","71.0","61.511112","75.0","64.816666","",""
"2023-05-21 22:13:00","0.144","37","3","25","34.0","929.48","65.0","71.0","61.38889","75.0","64.683334","",""
"2023-05-21 22:12:00","0.143","37","3","25","34.0","929.46","65.0","71.0","61.266666","75.0","64.55","",""
"2023-05-21 22:11:00","0.142","37","3","25","34.0","929.48","65.0","71.0","61.144444","75.0","64.416664","",""
"2023-05-21 22:10:00","0.141","37","3","25","34.0","929.49","65.0","71.0","61.02222","75.0","64.28333","",""
"2023-05-21 22:09:00","0.14","37","3","25","34.0","929.47","65.0","71.0","60.9","75.0","64.15","",""
"2023-05-21 22:08:00","0.139","37","3","25","34.0","929.47","65.0","71.0","60.77778","75.0","64.01667","",""
"2023-05-21 22:07:00","0.138","37","3","25","34.0","929.46","65.0","71.0","60.655556","75.0","63.883335","",""
"2023-05-21 22:06:00","0.138","37","3","25","34.0","929.43","65.0","71.0","60.533333","75.0","63.75","",""
"2023-05-21 22:05:00","0.138","37","3","25","34.0","929.45","65.0","71.0","60.41111","75.0","63.616665","",""
"2023-05-21 22:04:00","0.139","37","3","25","34.0","929.43","65.0","71.0","60.27222","75.0","63.47778","",""
"2023-05-21 22:03:00","0.142","38","3","25","34.0","929.43","64.0","71.0","60.144444","75.0","63.33889","",""
"2023-05-21 22:02:00","0.148","42","3","25","34.0","929.42","57.0","64.0","60.016666","68.0","63.2","",""
"2023-05-21 22:01:00","0.15","37","3","25","34.0","929.42","65.0","71.0","59.927776","75.0","63.1","",""
"2023-05-21 22:00:00","0.149","37","3","25","34.0","929.39","65.0","71.0","59.8","75.0","62.961113","",""
"2023-05-21 21:59:00","0.147","37","3","25","34.0","929.41","65.0","71.0","59.672222","75.0","62.822224","",""
"2023-05-21 21:58:00","0.146","37","3","25","34.0","929.39","65.0","71.0","59.544445","75.0","62.683334","",""
"2023-05-21 21:57:00","0.144","37","3","25","34.0","929.42","65.0","71.0","59.416668","75.0","62.544445","",""
"2023-05-21 21:56:00","0.143","37","3","25","34.0","929.41","65.0","71.0","59.288887","75.0","62.405556","",""
"2023-05-21 21:55:00","0.142","37","3","25","34.0","929.40","65.0","71.0","59.16111","75.0","62.266666","",""
"2023-05-21 21:54:00","0.141","37","3","25","34.0","929.40","65.0","71.0","59.033333","75.0","62.127777","",""
"2023-05-21 21:53:00","0.14","37","3","25","34.0","929.39","65.0","71.0","58.905556","75.0","61.988888","",""
"2023-05-21 21:52:00","0.139","37","3","25","34.0","929.38","65.0","71.0","58.77778","75.0","61.85","",""
"2023-05-21 21:51:00","0.138","37","3","25","34.0","929.37","65.0","71.0","58.65","75.0","61.711113","",""
"2023-05-21 21:50:00","0.138","37","3","25","34.0","929.35","65.0","71.0","58.52222","75.0","61.572224","",""
"2023-05-21 21:49:00","0.138","37","3","25","34.0","929.34","65.0","71.0","58.38889","75.0","61.427776","",""
"2023-05-21 21:48:00","0.139","37","3","25","34.0","929.35","65.0","71.0","58.233334","75.0","61.261112","",""
"2023-05-21 21:47:00","0.142","37","3","25","34.0","929.32","65.0","71.0","58.1","75.0","61.116665","",""
"2023-05-21 21:46:00","0.148","42","3","25","34.0","929.32","58.0","65.0","57.966667","70.0","60.97222","",""
"2023-05-21 21:45:00","0.151","40","3","25","34.0","929.30","61.0","67.0","57.866665","71.0","60.855556","",""
"2023-05-21 21:44:00","0.15","40","3","25","34.0","929.31","61.0","67.0","57.755554","71.0","60.733334","",""
"2023-05-21 21:43:00","0.148","40","3","25","34.0","929.27","61.0","67.0","57.644444","71.0","60.61111","",""
"2023-05-21 21:42:00","0.146","40","3","25","34.0","929.26","61.0","67.0","57.533333","71.0","60.488888","",""
"2023-05-21 21:41:00","0.145","40","3","25","34.0","929.26","61.0","67.0","57.422222","71.0","60.366665","",""
"2023-05-21 21:40:00","0.144","40","3","25","34.0","929.27","61.0","67.0","57.31111","71.0","60.244446","",""
"2023-05-21 21:39:00","0.143","40","3","25","34.0","929.24","61.0","67.0","57.2","71.0","60.122223","",""
"2023-05-21 21:38:00","0.142","40","3","25","34.0","929.23","61.0","67.0","57.08889","71.0","60.0","",""
"2023-05-21 21:37:00","0.141","40","3","25","34.0","929.24","61.0","67.0","56.97778","71.0","59.877777","",""
"2023-05-21 21:36:00","0.14","40","3","25","34.0","929.23","61.0","67.0","56.866665","71.0","59.755554","",""
"2023-05-21 21:35:00","0.139","40","3","25","34.0","929.22","61.0","67.0","56.755554","71.0","59.633335","",""
"2023-05-21 21:34:00","0.139","40","3","25","34.0","929.22","61.0","67.0","56.644444","71.0","59.511112","",""
"2023-05-21 21:33:00","0.139","40","3","25","34.0","929.21","61.0","67.0","56.533333","71.0","59.38889","",""
"2023-05-21 21:32:00","0.14","40","3","25","34.0","929.22","61.0","67.0","56.405556","71.0","59.244446","",""
"2023-05-21 21:31:00","0.143","40","3","25","34.0","929.20","61.0","67.0","56.288887","71.0","59.122223","",""
"2023-05-21 21:30:00","0.149","41","3","25","34.0","929.18","59.0","65.0","56.172222","68.0","59.0","",""
"2023-05-21 21:29:00","0.152","40","3","25","34.0","929.19","61.0","68.0","56.066666","72.0","58.894444","",""
"2023-05-21 21:28:00","0.151","38","3","25","34.0","929.19","63.0","69.0","55.944443","73.0","58.766666","",""
"2023-05-21 21:27:00","0.149","38","3","25","34.0","929.18","63.0","69.0","55.816666","73.0","58.633335","",""
"2023-05-21 21:26:00","0.147","38","3","25","34.0","929.19","63.0","69.0","55.68889","73.0","58.5","",""
"2023-05-21 21:25:00","0.146","38","3","25","34.0","929.19","63.0","69.0","55.56111","73.0","58.366665","",""
"2023-05-21 21:24:00","0.144","38","3","25","34.0","929.19","63.0","69.0","55.433334","73.0","58.233334","",""
"2023-05-21 21:23:00","0.143","38","3","25","34.0","929.18","63.0","69.0","55.305557","73.0","58.1","",""
"2023-05-21 21:22:00","0.142","38","3","25","34.0","929.19","63.0","69.0","55.177776","73.0","57.966667","",""
"2023-05-21 21:21:00","0.141","38","3","25","34.0","929.18","63.0","69.0","55.05","73.0","57.833332","",""
"2023-05-21 21:20:00","0.14","38","3","25","34.0","929.19","63.0","69.0","54.922222","73.0","57.7","",""
"2023-05-21 21:19:00","0.139","38","3","25","34.0","929.22","63.0","69.0","54.794445","73.0","57.566666","",""
"2023-05-21 21:18:00","0.138","38","3","25","34.0","929.20","63.0","69.0","54.666668","73.0","57.433334","",""
"2023-05-21 21:17:00","0.138","38","3","25","34.0","929.22","63.0","69.0","54.538887","73.0","57.3","",""
"2023-05-21 21:16:00","0.139","38","3","25","34.0","929.23","63.0","69.0","54.405556","73.0","57.166668","",""
"2023-05-21 21:15:00","0.142","38","3","25","34.0","929.22","63.0","69.0","54.283333","73.0","57.033333","",""
"2023-05-21 21:14:00","0.148","39","3","25","34.0","929.23","62.0","70.0","54.16111","76.0","56.9","",""
"2023-05-21 21:13:00","0.152","41","3","25","34.0","929.23","59.0","65.0","54.033333","68.0","56.75","",""
"2023-05-21 21:12:00","0.151","39","3","25","34.0","929.23","62.0","68.0","53.933334","71.0","56.644444","",""
"2023-05-21 21:11:00","0.149","39","3","25","34.0","929.24","62.0","68.0","53.816666","71.0","56.52222","",""
"2023-05-21 21:10:00","0.148","39","3","25","34.0","929.27","62.0","68.0","53.7","71.0","56.4","",""
"2023-05-21 21:09:00","0.146","39","3","25","34.0","929.27","62.0","68.0","53.583332","71.0","56.27778","",""
"2023-05-21 21:08:00","0.145","39","3","25","34.0","929.27","62.0","68.0","53.466667","71.0","56.155556","",""
"2023-05-21 21:07:00","0.144","39","3","25","34.0","929.26","62.0","68.0","53.35","71.0","56.033333","",""
"2023-05-21 21:06:00","0.143","39","3","25","34.0","929.25","62.0","68.0","53.233334","71.0","55.91111","",""
"2023-05-21 21:05:00","0.142","39","3","25","34.0","929.27","62.0","68.0","53.116665","71.0","55.788887","",""
"2023-05-21 21:04:00","0.141","39","3","25","34.0","929.26","62.0","68.0","53.0","71.0","55.666668","",""
"2023-05-21 21:03:00","0.14","39","3","25","34.0","929.29","62.0","68.0","52.883335","71.0","55.544445","",""
"2023-05-21 21:02:00","0.139","39","3","25","34.0","929.26","62.0","68.0","52.766666","71.0","55.422222","",""
"2023-05-21 21:01:00","0.139","39","2","25","34.0","929.29","62.0","68.0","52.65","71.0","55.3","",""
"2023-05-21 21:00:00","0.14","39","2","25","34.0","929.29","62.0","68.0","52.516666","71.0","55.172222","",""
"2023-05-21 20:59:00","0.143","39","2","25","34.0","929.31","62.0","68.0","52.383335","71.0","55.038887","",""
"2023-05-21 20:58:00","0.148","42","2","25","34.0","929.33","58.0","66.0","52.255554","73.0","54.91111","",""
"2023-05-21 20:57:00","0.152","45","2","25","34.0","929.35","54.0","60.0","52.13889","64.0","54.77222","",""
"2023-05-21 20:56:00","0.151","41","2","25","34.0","929.33","59.0","65.0","52.055557","68.0","54.683334","",""
"2023-05-21 20:55:00","0.149","41","2","25","34.0","929.34","59.0","65.0","51.944443","68.0","54.572224","",""
"2023-05-21 20:54:00","0.148","41","2","25","34.0","929.36","59.0","65.0","51.833332","68.0","54.461113","",""
"2023-05-21 20:53:00","0.147","41","2","25","34.0","929.36","59.0","65.0","51.72222","68.0","54.35","",""
"2023-05-21 20:52:00","0.146","41","2","25","34.0","929.36","59.0","65.0","51.61111","68.0","54.238888","",""
"2023-05-21 20:51:00","0.145","41","2","25","34.0","929.36","59.0","65.0","51.5","68.0","54.127777","",""
"2023-05-21 20:50:00","0.144","41","2","25","34.0","929.33","59.0","65.0","51.38889","68.0","54.016666","",""
"2023-05-21 20:49:00","0.143","41","2","25","34.0","929.31","59.0","65.0","51.27778","68.0","53.905556","",""
"2023-05-21 20:48:00","0.142","41","2","25","34.0","929.32","59.0","65.0","51.166668","68.0","53.794445","",""
"2023-05-21 20:47:00","0.141","41","2","25","34.0","929.32","59.0","65.0","51.055557","68.0","53.683334","",""
"2023-05-21 20:46:00","0.14","41","2","25","34.0","929.32","59.0","65.0","50.944443","68.0","53.572224","",""
"2023-05-21 20:45:00","0.14","41","2","25","34.0","929.34","59.0","65.0","50.833332","68.0","53.461113","",""
"2023-05-21 20:44:00","0.141","41","2","25","34.0","929.35","59.0","65.0","50.72222","68.0","53.36111","",""
"2023-05-21 20:43:00","0.143","41","2","25","34.0","929.35","59.0","65.0","50.605556","68.0","53.25","",""
"2023-05-21 20:42:00","0.148","42","2","25","34.0","929.32","58.0","64.0","50.494446","67.0","53.133335","",""
"2023-05-21 20:41:00","0.153","46","2","25","34.0","929.30","52.0","58.0","50.38889","60.0","53.02222","",""
"2023-05-21 20:40:00","0.152","45","2","25","34.0","929.30","54.0","59.0","50.316666","61.0","52.95","",""
"2023-05-21 20:39:00","0.151","45","2","25","34.0","929.30","54.0","59.0","50.238888","61.0","52.872223","",""
"2023-05-21 20:38:00","0.15","45","2","25","34.0","929.25","54.0","59.0","50.16111","61.0","52.794445","",""
"2023-05-21 20:37:00","0.148","45","2","25","34.0","929.26","54.0","59.0","50.083332","61.0","52.716667","",""
"2023-05-21 20:36:00","0.147","45","2","25","34.0","929.23","54.0","59.0","50.005554","61.0","52.63889","",""
"2023-05-21 20:35:00","0.146","45","2","25","34.0","929.21","54.0","59.0","49.927776","61.0","52.56111","",""
"2023-05-21 20:34:00","0.145","45","2","25","34.0","929.20","54.0","59.0","49.85","61.0","52.483334","",""
"2023-05-21 20:33:00","0.144","45","2","25","34.0","929.18","54.0","59.0","49.77222","61.0","52.405556","",""
"2023-05-21 20:32:00","0.143","45","2","25","34.0","929.18","54.0","59.0","49.694443","61.0","52.327778","",""
"2023-05-21 20:31:00","0.142","45","2","25","34.0","929.16","54.0","59.0","49.616665","61.0","52.25","",""
"2023-05-21 20:30:00","0.141","45","2","25","34.0","929.18","54.0","59.0","49.538887","61.0","52.172222","",""
"2023-05-21 20:29:00","0.141","45","2","25","34.0","929.15","54.0","59.0","49.461113","61.0","52.094444","",""
"2023-05-21 20:28:00","0.142","45","2","25","34.0","929.15","54.0","59.0","49.372223","61.0","52.005554","",""
"2023-05-21 20:27:00","0.144","45","2","25","34.0","929.14","54.0","59.0","49.27778","61.0","51.916668","",""
"2023-05-21 20:26:00","0.149","45","2","25","34.0","929.13","53.0","58.0","49.194443","61.0","51.83889","",""
"2023-05-21 20:25:00","0.154","48","2","25","34.0","929.16","50.0","56.0","49.116665","61.0","51.761112","",""
"2023-05-21 20:24:00","0.153","46","2","25","34.0","929.13","52.0","58.0","49.05","62.0","51.683334","",""
"2023-05-21 20:23:00","0.152","46","2","25","34.0","929.14","52.0","58.0","48.97222","62.0","51.6","",""
"2023-05-21 20:22:00","0.15","46","2","25","34.0","929.14","52.0","58.0","48.894444","62.0","51.516666","",""
"2023-05-21 20:21:00","0.148","46","2","25","34.0","929.13","52.0","58.0","48.816666","62.0","51.433334","",""
"2023-05-21 20:20:00","0.147","46","2","25","34.0","929.12","52.0","58.0","48.738888","62.0","51.35","",""
"2023-05-21 20:19:00","0.146","46","2","25","34.0","929.13","52.0","58.0","48.66111","62.0","51.266666","",""
"2023-05-21 20:18:00","0.145","46","2","25","34.0","929.11","52.0","58.0","48.583332","62.0","51.183334","",""
"2023-05-21 20:17:00","0.144","46","2","25","34.0","929.11","52.0","58.0","48.505554","62.0","51.1","",""
"2023-05-21 20:16:00","0.143","46","2","25","34.0","929.08","52.0","58.0","48.427776","62.0","51.016666","",""
"2023-05-21 20:15:00","0.142","46","2","25","34.0","929.10","52.0","58.0","48.35","62.0","50.933334","",""
"2023-05-21 20:14:00","0.141","46","2","25","34.0","929.10","52.0","58.0","48.27222","62.0","50.85","",""
"2023-05-21 20:13:00","0.141","46","2","25","34.0","929.10","52.0","58.0","48.194443","62.0","50.766666","",""
"2023-05-21 20:12:00","0.142","46","2","25","34.0","929.08","52.0","58.0","48.116665","62.0","50.68889","",""
"2023-05-21 20:11:00","0.144","46","2","25","34.0","929.11","52.0","58.0","48.016666","62.0","50.58889","",""
"2023-05-21 20:10:00","0.149","46","2","25","34.0","929.10","52.0","59.0","47.927776","65.0","50.483334","",""
"2023-05-21 20:09:00","0.155","49","2","25","34.0","929.12","48.0","57.0","47.833332","64.0","50.36111","",""
"2023-05-21 20:08:00","0.154","48","2","25","34.0","929.13","50.0","55.0","47.75","58.0","50.244446","",""
"2023-05-21 20:07:00","0.152","48","2","25","34.0","929.12","50.0","55.0","47.677776","58.0","50.16111","",""
"2023-05-21 20:06:00","0.151","48","2","25","34.0","929.11","50.0","55.0","47.605556","58.0","50.077778","",""
"2023-05-21 20:05:00","0.15","48","2","25","34.0","929.12","50.0","55.0","47.533333","58.0","49.994446","",""
"2023-05-21 20:04:00","0.148","48","2","25","34.0","929.12","50.0","55.0","47.461113","58.0","49.91111","",""
"2023-05-21 20:03:00","0.147","48","2","25","34.0","929.12","50.0","55.0","47.38889","58.0","49.827778","",""
"2023-05-21 20:02:00","0.146","48","2","25","34.0","929.14","50.0","55.0","47.316666","58.0","49.744446","",""
"2023-05-21 20:01:00","0.145","48","2","25","34.0","929.13","50.0","55.0","47.244446","58.0","49.66111","",""
"2023-05-21 20:00:00","0.144","48","2","25","34.0","929.10","50.0","55.0","47.172222","58.0","49.577778","",""
"2023-05-21 19:59:00","0.143","48","2","25","34.0","929.14","50.0","55.0","47.1","58.0","49.494446","",""
"2023-05-21 19:58:00","0.142","48","2","25","34.0","929.13","50.0","55.0","47.02778","58.0","49.41111","",""
"2023-05-21 19:57:00","0.142","48","2","25","34.0","929.14","50.0","55.0","46.955555","58.0","49.327778","",""
"2023-05-21 19:56:00","0.143","48","2","25","34.0","929.14","50.0","55.0","46.877777","58.0","49.238888","",""
"2023-05-21 19:55:00","0.145","48","2","25","35.0","929.17","50.0","55.0","46.77222","58.0","49.127777","",""
"2023-05-21 19:54:00","0.149","48","2","25","34.0","929.14","50.0","55.0","46.694443","57.0","49.05","",""
"2023-05-21 19:53:00","0.155","53","2","25","34.0","929.14","43.0","48.0","46.616665","51.0","48.97778","",""
"2023-05-21 19:52:00","0.155","49","2","25","34.0","929.14","48.0","52.0","46.577778","55.0","48.93889","",""
"2023-05-21 19:51:00","0.153","49","2","25","34.0","929.15","48.0","52.0","46.516666","55.0","48.877777","",""
"2023-05-21 19:50:00","0.152","49","2","25","34.0","929.14","48.0","52.0","46.455555","55.0","48.816666","",""
"2023-05-21 19:49:00","0.15","49","2","25","34.0","929.14","48.0","52.0","46.394444","55.0","48.755554","",""
"2023-05-21 19:48:00","0.148","49","2","25","34.0","929.13","48.0","52.0","46.333332","55.0","48.694443","",""
"2023-05-21 19:47:00","0.147","49","2","25","34.0","929.11","48.0","52.0","46.27222","55.0","48.633335","",""
"2023-05-21 19:46:00","0.146","49","2","25","34.0","929.10","48.0","52.0","46.211113","55.0","48.572224","",""
"2023-05-21 19:45:00","0.145","49","2","25","34.0","929.14","48.0","52.0","46.15","55.0","48.511112","",""
"2023-05-21 19:44:00","0.144","49","2","25","34.0","929.12","48.0","52.0","46.08889","55.0","48.45","",""
"2023-05-21 19:43:00","0.143","49","2","25","34.0","929.13","48.0","52.0","46.02778","55.0","48.38889","",""
"2023-05-21 19:42:00","0.142","49","2","25","34.0","929.12","48.0","52.0","45.966667","55.0","48.327778","",""
"2023-05-21 19:41:00","0.142","49","2","25","34.0","929.08","48.0","52.0","45.905556","55.0","48.266666","",""
"2023-05-21 19:40:00","0.142","49","2","25","35.0","929.12","48.0","52.0","45.83889","55.0","48.2","",""
"2023-05-21 19:39:00","0.144","49","2","25","35.0","929.12","48.0","52.0","45.755554","55.0","48.116665","",""
"2023-05-21 19:38:00","0.148","50","2","25","34.0","929.11","47.0","52.0","45.68889","54.0","48.05","",""
"2023-05-21 19:37:00","0.154","53","2","25","34.0","929.14","43.0","48.0","45.622223","50.0","47.988888","",""
"2023-05-21 19:36:00","0.154","51","2","25","34.0","929.13","46.0","51.0","45.577778","53.0","47.95","",""
"2023-05-21 19:35:00","0.152","51","2","25","34.0","929.12","46.0","51.0","45.516666","53.0","47.894444","",""
"2023-05-21 19:34:00","0.151","51","2","25","34.0","929.10","46.0","51.0","45.455555","53.0","47.83889","",""
"2023-05-21 19:33:00","0.149","51","2","25","34.0","929.11","46.0","51.0","45.394444","53.0","47.783333","",""
"2023-05-21 19:32:00","0.148","51","2","25","34.0","929.10","46.0","51.0","45.333332","53.0","47.72778","",""
"2023-05-21 19:31:00","0.147","51","2","25","34.0","929.10","46.0","51.0","45.27222","53.0","47.672222","",""
"2023-05-21 19:30:00","0.146","51","2","25","34.0","929.09","46.0","51.0","45.211113","53.0","47.616665","",""
"2023-05-21 19:29:00","0.145","51","2","25","34.0","929.09","46.0","51.0","45.15","53.0","47.56111","",""
"2023-05-21 19:28:00","0.144","51","2","25","34.0","929.08","46.0","51.0","45.08889","53.0","47.505554","",""
"2023-05-21 19:27:00","0.143","51","2","25","34.0","929.09","46.0","51.0","45.02778","53.0","47.45","",""
"2023-05-21 19:26:00","0.142","51","2","25","34.0","929.12","46.0","51.0","44.966667","53.0","47.394444","",""
"2023-05-21 19:25:00","0.142","51","2","25","35.0","929.14","46.0","51.0","44.905556","53.0","47.33889","",""
"2023-05-21 19:24:00","0.142","51","2","25","35.0","929.16","46.0","51.0","44.844444","53.0","47.283333","",""
"2023-05-21 19:23:00","0.144","51","2","25","35.0","929.14","46.0","51.0","44.755554","53.0","47.211113","",""
"2023-05-21 19:22:00","0.148","51","2","25","34.0","929.16","46.0","51.0","44.672222","53.0","47.133335","",""
"2023-05-21 19:21:00","0.154","54","2","25","34.0","929.19","42.0","49.0","44.58889","55.0","47.055557","",""
"2023-05-21 19:20:00","0.155","51","2","25","34.0","929.18","45.0","49.0","44.516666","51.0","46.966667","",""
"2023-05-21 19:19:00","0.154","51","2","25","34.0","929.18","45.0","49.0","44.444443","51.0","46.9","",""
"2023-05-21 19:18:00","0.152","51","2","25","34.0","929.19","45.0","49.0","44.372223","51.0","46.833332","",""
"2023-05-21 19:17:00","0.151","51","2","25","34.0","929.20","45.0","49.0","44.3","51.0","46.766666","",""
"2023-05-21 19:16:00","0.15","51","2","25","35.0","929.19","45.0","49.0","44.22778","51.0","46.7","",""
"2023-05-21 19:15:00","0.149","51","2","25","35.0","929.22","45.0","49.0","44.155556","51.0","46.633335","",""
"2023-05-21 19:14:00","0.148","51","2","25","34.0","929.20","45.0","49.0","44.083332","51.0","46.566666","",""
"2023-05-21 19:13:00","0.147","51","2","25","35.0","929.18","45.0","49.0","44.011112","51.0","46.5","",""
"2023-05-21 19:12:00","0.146","51","2","25","35.0","929.19","45.0","49.0","43.93889","51.0","46.433334","",""
"2023-05-21 19:11:00","0.145","51","2","25","35.0","929.17","45.0","49.0","43.866665","51.0","46.366665","",""
"2023-05-21 19:10:00","0.144","51","2","25","35.0","929.20","45.0","49.0","43.794445","51.0","46.3","",""
"2023-05-21 19:09:00","0.144","51","2","25","35.0","929.20","45.0","49.0","43.72222","51.0","46.233334","",""
"2023-05-21 19:08:00","0.144","51","2","25","35.0","929.20","45.0","49.0","43.644444","51.0","46.16111","",""
"2023-05-21 19:07:00","0.145","51","2","25","35.0","929.22","45.0","49.0","43.56111","51.0","46.08889","",""
"2023-05-21 19:06:00","0.149","51","2","25","35.0","929.23","45.0","49.0","43.47222","51.0","46.005554","",""
"2023-05-21 19:05:00","0.155","54","2","25","35.0","929.25","41.0","46.0","43.383335","50.0","45.922222","",""
"2023-05-21 19:04:00","0.156","52","2","25","35.0","929.26","44.0","48.0","43.31111","50.0","45.844444","",""
"2023-05-21 19:03:00","0.154","52","2","25","35.0","929.27","44.0","48.0","43.22778","50.0","45.766666","",""
"2023-05-21 19:02:00","0.153","52","2","25","35.0","929.28","44.0","48.0","43.144444","50.0","45.68889","",""
"2023-05-21 19:01:00","0.151","52","2","25","35.0","929.29","44.0","48.0","43.06111","50.0","45.61111","",""
"2023-05-21 19:00:00","0.15","52","2","25","35.0","929.30","44.0","48.0","42.97778","50.0","45.533333","",""
"2023-05-21 18:59:00","0.149","52","2","25","35.0","929.32","44.0","48.0","42.894444","50.0","45.455555","",""
"2023-05-21 18:58:00","0.148","52","2","25","35.0","929.32","44.0","48.0","42.81111","50.0","45.377777","",""
"2023-05-21 18:57:00","0.147","52","2","25","35.0","929.35","44.0","48.0","42.72778","50.0","45.3","",""
"2023-05-21 18:56:00","0.146","52","2","25","35.0","929.37","44.0","48.0","42.644444","50.0","45.22222","",""
"2023-05-21 18:55:00","0.145","52","2","25","35.0","929.37","44.0","48.0","42.56111","50.0","45.144444","",""
"2023-05-21 18:54:00","0.144","52","2","25","35.0","929.38","44.0","48.0","42.47778","50.0","45.066666","",""
"2023-05-21 18:53:00","0.144","52","2","25","35.0","929.40","44.0","48.0","42.394444","50.0","44.988888","",""
"2023-05-21 18:52:00","0.144","52","2","25","35.0","929.42","44.0","48.0","42.305557","50.0","44.905556","",""
"2023-05-21 18:51:00","0.145","52","2","25","35.0","929.42","44.0","48.0","42.211113","50.0","44.822224","",""
"2023-05-21 18:50:00","0.148","53","2","25","35.0","929.43","43.0","47.0","42.116665","49.0","44.72778","",""
"2023-05-21 18:49:00","0.154","56","2","25","35.0","929.44","39.0","43.0","42.02778","45.0","44.63889","",""
"2023-05-21 18:48:00","0.156","52","2","25","35.0","929.45","44.0","47.0","41.961113","49.0","44.572224","",""
"2023-05-21 18:47:00","0.154","52","2","25","35.0","929.46","44.0","47.0","41.872223","49.0","44.483334","",""
"2023-05-21 18:46:00","0.153","52","2","25","35.0","929.48","44.0","47.0","41.783333","49.0","44.394444","",""
"2023-05-21 18:45:00","0.151","52","2","25","35.0","929.47","44.0","47.0","41.694443","49.0","44.305557","",""
"2023-05-21 18:44:00","0.15","52","2","25","35.0","929.50","44.0","47.0","41.605556","49.0","44.216667","",""
"2023-05-21 18:43:00","0.149","52","2","25","35.0","929.52","44.0","47.0","41.516666","49.0","44.127777","",""
"2023-05-21 18:42:00","0.148","52","2","25","35.0","929.55","44.0","47.0","41.427776","49.0","44.038887","",""
"2023-05-21 18:41:00","0.147","52","2","25","35.0","929.56","44.0","47.0","41.33889","49.0","43.95","",""
"2023-05-21 18:40:00","0.146","52","2","25","35.0","929.55","44.0","47.0","41.25","49.0","43.86111","",""
"2023-05-21 18:39:00","0.145","52","2","25","35.0","929.57","44.0","47.0","41.16111","49.0","43.77222","",""
"2023-05-21 18:38:00","0.144","52","2","25","35.0","929.57","44.0","47.0","41.072224","49.0","43.683334","",""
"2023-05-21 18:37:00","0.144","52","2","25","35.0","929.58","44.0","47.0","40.983334","49.0","43.594444","",""
"2023-05-21 18:36:00","0.144","52","2","25","35.0","929.61","44.0","47.0","40.894444","49.0","43.505554","",""
"2023-05-21 18:35:00","0.145","52","2","25","35.0","929.62","44.0","47.0","40.805557","49.0","43.416668","",""
"2023-05-21 18:34:00","0.148","52","2","25","35.0","929.60","44.0","47.0","40.694443","49.0","43.305557","",""
"2023-05-21 18:33:00","0.154","55","2","25","35.0","929.64","40.0","44.0","40.583332","45.0","43.194443","",""
"2023-05-21 18:32:00","0.156","54","2","25","35.0","929.68","42.0","46.0","40.488888","49.0","43.105556","",""
"2023-05-21 18:31:00","0.154","54","2","25","35.0","929.70","42.0","46.0","40.383335","49.0","42.994446","",""
"2023-05-21 18:30:00","0.153","54","2","25","35.0","929.72","42.0","46.0","40.27778","49.0","42.883335","",""
"2023-05-21 18:29:00","0.152","54","2","25","35.0","929.72","42.0","46.0","40.172222","49.0","42.77222","",""
"2023-05-21 18:28:00","0.15","54","2","25","35.0","929.72","42.0","46.0","40.066666","49.0","42.66111","",""
"2023-05-21 18:27:00","0.149","54","2","25","35.0","929.75","42.0","46.0","39.961113","49.0","42.55","",""
"2023-05-21 18:26:00","0.148","54","2","25","35.0","929.77","42.0","46.0","39.855556","49.0","42.43889","",""
"2023-05-21 18:25:00","0.147","54","2","25","35.0","929.78","42.0","46.0","39.75","49.0","42.327778","",""
"2023-05-21 18:24:00","0.146","54","2","25","35.0","929.79","42.0","46.0","39.644444","49.0","42.216667","",""
"2023-05-21 18:23:00","0.145","54","2","25","35.0","929.77","42.0","46.0","39.538887","49.0","42.105556","",""
"2023-05-21 18:22:00","0.144","54","2","25","35.0","929.78","42.0","46.0","39.433334","49.0","41.994446","",""
"2023-05-21 18:21:00","0.144","54","2","25","35.0","929.80","42.0","46.0","39.327778","49.0","41.883335","",""
"2023-05-21 18:20:00","0.144","54","2","25","35.0","929.84","42.0","46.0","39.22222","49.0","41.77222","",""
"2023-05-21 18:19:00","0.145","54","2","25","35.0","929.83","42.0","46.0","39.1","49.0","41.644444","",""
"2023-05-21 18:18:00","0.148","54","2","25","35.0","929.84","42.0","46.0","38.97778","49.0","41.516666","",""
"2023-05-21 18:17:00","0.154","56","2","25","35.0","929.85","39.0","45.0","38.855556","49.0","41.38889","",""
"2023-05-21 18:16:00","0.156","54","2","25","35.0","929.87","42.0","47.0","38.738888","49.0","41.261112","",""
"2023-05-21 18:15:00","0.155","54","2","25","35.0","929.87","42.0","47.0","38.61111","49.0","41.133335","",""
"2023-05-21 18:14:00","0.153","54","2","25","35.0","929.88","42.0","47.0","38.483334","49.0","41.005554","",""
"2023-05-21 18:13:00","0.152","54","2","25","35.0","929.90","42.0","47.0","38.355556","49.0","40.877777","",""
"2023-05-21 18:12:00","0.15","54","2","25","35.0","929.91","42.0","47.0","38.22778","49.0","40.75","",""
"2023-05-21 18:11:00","0.148","54","2","25","35.0","929.92","42.0","47.0","38.1","49.0","40.622223","",""
"2023-05-21 18:10:00","0.147","54","2","25","35.0","929.94","42.0","47.0","37.97222","49.0","40.494446","",""
"2023-05-21 18:09:00","0.146","54","2","25","35.0","929.91","42.0","47.0","37.844444","49.0","40.366665","",""
"2023-05-21 18:08:00","0.145","54","2","25","35.0","929.94","42.0","47.0","37.716667","49.0","40.238888","",""
"2023-05-21 18:07:00","0.144","54","2","25","35.0","929.96","42.0","47.0","37.58889","49.0","40.11111","",""
"2023-05-21 18:06:00","0.143","54","2","25","35.0","929.97","42.0","47.0","37.461113","49.0","39.983334","",""
"2023-05-21 18:05:00","0.143","54","2","25","35.0","929.99","42.0","47.0","37.333332","49.0","39.855556","",""
"2023-05-21 18:04:00","0.143","54","2","25","35.0","929.99","42.0","47.0","37.205555","49.0","39.72778","",""
"2023-05-21 18:03:00","0.144","54","2","25","35.0","929.99","42.0","47.0","37.066666","49.0","39.594444","",""
"2023-05-21 18:02:00","0.147","54","2","25","35.0","930.00","42.0","47.0","36.905556","49.0","39.433334","",""
"2023-05-21 18:01:00","0.153","57","2","25","35.0","930.04","38.0","44.0","36.744446","48.0","39.27222","",""
"2023-05-21 18:00:00","0.156","57","2","25","35.0","930.05","38.0","44.0","36.6","47.0","39.116665","",""
"2023-05-21 17:59:00","0.155","55","2","25","35.0","930.06","40.0","45.0","36.455555","48.0","38.966667","",""
"2023-05-21 17:58:00","0.154","55","2","25","35.0","930.07","40.0","45.0","36.305557","48.0","38.81111","",""
"2023-05-21 17:57:00","0.152","55","2","25","35.0","930.08","40.0","45.0","36.155556","48.0","38.655556","",""
"2023-05-21 17:56:00","0.15","55","2","25","35.0","930.06","40.0","45.0","36.005554","48.0","38.5","",""
"2023-05-21 17:55:00","0.149","55","2","25","35.0","930.10","40.0","45.0","35.855556","48.0","38.344444","",""
"2023-05-21 17:54:00","0.148","55","2","25","35.0","930.15","40.0","45.0","35.705555","48.0","38.18889","",""
"2023-05-21 17:53:00","0.147","55","2","25","35.0","930.13","40.0","45.0","35.555557","48.0","38.033333","",""
"2023-05-21 17:52:00","0.146","55","2","25","35.0","930.15","40.0","45.0","35.405556","48.0","37.877777","",""
"2023-05-21 17:51:00","0.145","55","2","25","35.0","930.16","40.0","45.0","35.255554","48.0","37.72222","",""
"2023-05-21 17:50:00","0.144","55","2","25","35.0","930.18","40.0","45.0","35.105556","48.0","37.566666","",""
"2023-05-21 17:49:00","0.143","55","2","25","35.0","930.20","40.0","45.0","34.955555","48.0","37.41111","",""
"2023-05-21 17:48:00","0.143","55","2","25","35.0","930.21","40.0","45.0","34.805557","48.0","37.255554","",""
"2023-05-21 17:47:00","0.144","55","2","25","35.0","930.20","40.0","45.0","34.65","48.0","37.094444","",""
"2023-05-21 17:46:00","0.147","55","2","25","35.0","930.25","40.0","45.0","34.466667","48.0","36.9","",""
"2023-05-21 17:45:00","0.152","56","2","25","35.0","930.26","39.0","45.0","34.283333","50.0","36.705555","",""
"2023-05-21 17:44:00","0.156","57","2","25","35.0","930.25","38.0","44.0","34.1","48.0","36.5","",""
"2023-05-21 17:43:00","0.155","54","2","25","35.0","930.27","41.0","45.0","33.922222","47.0","36.305557","",""
"2023-05-21 17:42:00","0.154","54","2","25","35.0","930.26","41.0","45.0","33.738888","47.0","36.116665","",""
"2023-05-21 17:41:00","0.152","54","2","25","35.0","930.27","41.0","45.0","33.555557","47.0","35.927776","",""
"2023-05-21 17:40:00","0.151","54","2","25","35.0","930.30","41.0","45.0","33.372223","47.0","35.738888","",""
"2023-05-21 17:39:00","0.149","54","2","25","35.0","930.29","41.0","45.0","33.18889","47.0","35.55","",""
"2023-05-21 17:38:00","0.148","54","2","25","35.0","930.31","41.0","45.0","33.005554","47.0","35.36111","",""
"2023-05-21 17:37:00","0.147","54","2","25","35.0","930.31","41.0","45.0","32.822224","47.0","35.172222","",""
"2023-05-21 17:36:00","0.146","54","2","25","35.0","930.34","41.0","45.0","32.63889","47.0","34.983334","",""
"2023-05-21 17:35:00","0.145","54","2","25","35.0","930.34","41.0","45.0","32.455555","47.0","34.794445","",""
"2023-05-21 17:34:00","0.144","54","2","25","35.0","930.33","41.0","45.0","32.27222","47.0","34.605556","",""
"2023-05-21 17:33:00","0.143","54","2","25","35.0","930.32","41.0","45.0","32.08889","47.0","34.416668","",""
"2023-05-21 17:32:00","0.143","54","2","25","35.0","930.35","41.0","45.0","31.905556","47.0","34.22778","",""
"2023-05-21 17:31:00","0.144","54","1","25","35.0","930.35","41.0","45.0","31.711111","47.0","34.02778","",""
"2023-05-21 17:30:00","0.146","54","1","25","35.0","930.37","41.0","45.0","31.5","47.0","33.81111","",""
"2023-05-21 17:29:00","0.151","56","1","25","35.0","930.36","39.0","43.0","31.294445","45.0","33.6","",""
"2023-05-21 17:28:00","0.156","57","1","25","35.0","930.36","37.0","42.0","31.1","45.0","33.4","",""
"2023-05-21 17:27:00","0.155","56","1","25","35.0","930.38","39.0","44.0","30.911112","47.0","33.2","",""
"2023-05-21 17:26:00","0.153","56","1","25","35.0","930.37","39.0","44.0","30.711111","47.0","32.988888","",""
"2023-05-21 17:25:00","0.151","56","1","25","35.0","930.40","39.0","44.0","30.51111","47.0","32.77778","",""
"2023-05-21 17:24:00","0.15","56","1","25","35.0","930.39","39.0","44.0","30.311111","47.0","32.566666","",""
"2023-05-21 17:23:00","0.149","56","1","25","35.0","930.41","39.0","44.0","30.11111","47.0","32.355556","",""
"2023-05-21 17:22:00","0.148","56","1","25","35.0","930.40","39.0","44.0","29.911112","47.0","32.144444","",""
"2023-05-21 17:21:00","0.147","56","1","25","35.0","930.40","39.0","44.0","29.711111","47.0","31.933332","",""
"2023-05-21 17:20:00","0.146","56","1","25","35.0","930.42","39.0","44.0","29.51111","47.0","31.722221","",""
"2023-05-21 17:19:00","0.145","56","1","25","35.0","930.46","39.0","44.0","29.311111","47.0","31.51111","",""
"2023-05-21 17:18:00","0.144","56","1","25","35.0","930.46","39.0","44.0","29.11111","47.0","31.3","",""
"2023-05-21 17:17:00","0.143","56","1","25","35.0","930.47","39.0","44.0","28.911112","47.0","31.088888","",""
"2023-05-21 17:16:00","0.143","56","1","25","35.0","930.46","39.0","44.0","28.711111","47.0","30.877777","",""
"2023-05-21 17:15:00","0.144","56","1","25","35.0","930.48","39.0","44.0","28.505556","47.0","30.661112","",""
"2023-05-21 17:14:00","0.146","56","1","25","35.0","930.47","39.0","44.0","28.294445","47.0","30.444445","",""
"2023-05-21 17:13:00","0.151","56","1","25","35.0","930.48","39.0","44.0","28.083334","48.0","30.222221","",""
"2023-05-21 17:12:00","0.156","59","1","25","35.0","930.50","35.0","40.0","27.877777","44.0","30.005556","",""
"2023-05-21 17:11:00","0.155","57","1","25","35.0","930.52","38.0","42.0","27.688889","43.0","29.8","",""
"2023-05-21 17:10:00","0.154","57","1","25","35.0","930.48","38.0","42.0","27.48889","43.0","29.6","",""
"2023-05-21 17:09:00","0.152","57","1","25","35.0","930.49","38.0","42.0","27.288889","43.0","29.4","",""
"2023-05-21 17:08:00","0.151","57","1","25","35.0","930.50","38.0","42.0","27.088888","43.0","29.2","",""
"2023-05-21 17:07:00","0.149","57","1","25","35.0","930.52","38.0","42.0","26.883333","43.0","29.0","",""
"2023-05-21 17:06:00","0.148","57","1","25","35.0","930.54","38.0","42.0","26.683332","43.0","28.805555","",""
"2023-05-21 17:05:00","0.147","57","1","25","35.0","930.58","38.0","42.0","26.483334","43.0","28.6","",""
"2023-05-21 17:04:00","0.146","57","1","25","35.0","930.57","38.0","42.0","26.3","43.0","28.416666","",""
"2023-05-21 17:03:00","0.145","57","1","25","35.0","930.57","38.0","42.0","26.116667","43.0","28.233334","",""
"2023-05-21 17:02:00","0.144","57","1","25","35.0","930.62","38.0","42.0","25.933332","43.0","28.05","",""
"2023-05-21 17:01:00","0.143","57","1","25","35.0","930.64","38.0","42.0","25.755556","43.0","27.877777","",""
"2023-05-21 17:00:00","0.143","57","1","25","35.0","930.66","38.0","42.0","25.583334","43.0","27.705555","",""
"2023-05-21 16:59:00","0.144","57","1","25","35.0","930.67","38.0","42.0","25.4","43.0","27.522223","",""
"2023-05-21 16:58:00","0.146","57","1","25","35.0","930.71","38.0","42.0","25.244444","43.0","27.372223","",""
"2023-05-21 16:57:00","0.151","57","1","25","35.0","930.73","37.0","41.0","25.088888","42.0","27.227777","",""
"2023-05-21 16:56:00","0.156","63","1","25","35.0","930.75","31.0","36.0","24.944445","38.0","27.083334","",""
"2023-05-21 16:55:00","0.155","58","1","25","35.0","930.79","36.0","41.0","24.833334","44.0","26.966667","",""
"2023-05-21 16:54:00","0.154","58","1","25","35.0","930.81","36.0","41.0","24.694445","44.0","26.822222","",""
"2023-05-21 16:53:00","0.153","58","1","25","35.0","930.84","36.0","41.0","24.572222","44.0","26.694445","",""
"2023-05-21 16:52:00","0.151","58","1","25","35.0","930.87","36.0","41.0","24.455555","44.0","26.566668","",""
"2023-05-21 16:51:00","0.149","58","1","25","35.0","930.87","36.0","41.0","24.338888","44.0","26.45","",""
"2023-05-21 16:50:00","0.148","58","1","25","35.0","930.89","36.0","41.0","24.26111","44.0","26.366667","",""
"2023-05-21 16:49:00","0.147","58","1","25","35.0","930.91","36.0","41.0","24.222221","44.0","26.322222","",""
"2023-05-21 16:48:00","0.146","58","1","25","35.0","930.91","36.0","41.0","24.022223","44.0","26.11111","",""
"2023-05-21 16:47:00","0.145","58","1","25","35.0","930.92","36.0","41.0","23.983334","44.0","26.072222","",""
"2023-05-21 16:46:00","0.144","58","1","25","35.0","930.92","36.0","41.0","23.922222","44.0","26.01111","",""
"2023-05-21 16:45:00","0.143","58","1","25","35.0","930.95","36.0","41.0","23.86111","44.0","25.95","",""
"2023-05-21 16:44:00","0.143","58","1","25","35.0","930.98","36.0","41.0","23.8","44.0","25.88889","",""
"2023-05-21 16:43:00","0.143","58","1","25","35.0","930.98","36.0","41.0","23.73889","44.0","25.827778","",""
"2023-05-21 16:42:00","0.145","58","1","25","35.0","931.00","36.0","41.0","23.677778","44.0","25.766666","",""
"2023-05-21 16:41:00","0.149","58","1","25","35.0","931.01","36.0","40.0","23.616667","43.0","25.705555","",""
"2023-05-21 16:40:00","0.155","61","1","25","35.0","931.04","33.0","37.0","23.561111","40.0","25.65","",""
"2023-05-21 16:39:00","0.155","58","1","25","35.0","931.07","36.0","40.0","23.522223","43.0","25.61111","",""
"2023-05-21 16:38:00","0.154","58","1","25","35.0","931.07","36.0","40.0","23.461111","43.0","25.55","",""
"2023-05-21 16:37:00","0.152","58","1","25","35.0","931.11","36.0","40.0","23.394444","43.0","25.483334","",""
"2023-05-21 16:36:00","0.15","58","1","25","35.0","931.13","36.0","40.0","23.344444","43.0","25.427778","",""
"2023-05-21 16:35:00","0.149","58","1","25","35.0","931.15","36.0","40.0","23.294445","43.0","25.372223","",""
"2023-05-21 16:34:00","0.148","58","1","25","35.0","931.15","36.0","40.0","23.244444","43.0","25.316668","",""
"2023-05-21 16:33:00","0.147","58","1","25","35.0","931.14","36.0","40.0","23.194445","43.0","25.26111","",""
"2023-05-21 16:32:00","0.146","58","1","25","35.0","931.14","36.0","40.0","23.144444","43.0","25.205555","",""
"2023-05-21 16:31:00","0.145","58","1","25","35.0","931.15","36.0","40.0","23.094444","43.0","25.15","",""
"2023-05-21 16:30:00","0.144","58","1","25","35.0","931.14","36.0","40.0","23.044445","43.0","25.094444","",""
"2023-05-21 16:29:00","0.143","58","1","25","35.0","931.16","36.0","40.0","22.994444","43.0","25.038889","",""
"2023-05-21 16:28:00","0.143","58","1","25","35.0","931.16","36.0","40.0","22.944445","43.0","24.983334","",""
"2023-05-21 16:27:00","0.143","58","1","25","35.0","931.18","36.0","40.0","22.894444","43.0","24.927778","",""
"2023-05-21 16:26:00","0.145","58","1","25","35.0","931.21","36.0","40.0","22.844444","43.0","24.872223","",""
"2023-05-21 16:25:00","0.149","59","1","25","35.0","931.18","35.0","40.0","22.794445","43.0","24.816668","",""
"2023-05-21 16:24:00","0.155","64","1","25","35.0","931.19","30.0","35.0","22.744444","40.0","24.76111","",""
"2023-05-21 16:23:00","0.155","62","1","25","35.0","931.22","32.0","36.0","22.722221","39.0","24.722221","",""
"2023-05-21 16:22:00","0.153","62","1","25","35.0","931.24","32.0","36.0","22.694445","39.0","24.688889","",""
"2023-05-21 16:21:00","0.152","62","1","25","35.0","931.23","32.0","36.0","22.666666","39.0","24.666666","",""
"2023-05-21 16:20:00","0.151","62","1","25","35.0","931.26","32.0","36.0","22.661112","39.0","24.661112","",""
"2023-05-21 16:19:00","0.149","62","1","25","35.0","931.27","32.0","36.0","22.655556","39.0","24.655556","",""
"2023-05-21 16:18:00","0.147","62","1","25","35.0","931.28","32.0","36.0","22.65","39.0","24.65","",""
"2023-05-21 16:17:00","0.146","62","1","25","35.0","931.33","32.0","36.0","22.644444","39.0","24.644444","",""
"2023-05-21 16:16:00","0.145","62","1","25","35.0","931.32","32.0","36.0","22.63889","39.0","24.63889","",""
"2023-05-21 16:15:00","0.144","62","1","25","35.0","931.35","32.0","36.0","22.633333","39.0","24.633333","",""
"2023-05-21 16:14:00","0.143","62","1","25","35.0","931.38","32.0","36.0","22.627777","39.0","24.627777","",""
"2023-05-21 16:13:00","0.142","62","1","25","35.0","931.37","32.0","36.0","22.622223","39.0","24.622223","",""
"2023-05-21 16:12:00","0.142","62","1","25","35.0","931.42","32.0","36.0","22.616667","39.0","24.616667","",""
"2023-05-21 16:11:00","0.142","62","1","25","36.0","931.44","32.0","36.0","22.61111","39.0","24.61111","",""
"2023-05-21 16:10:00","0.144","62","1","25","36.0","931.41","32.0","36.0","22.605556","39.0","24.605556","",""
"2023-05-21 16:09:00","0.148","63","1","25","36.0","931.46","31.0","35.0","22.6","38.0","24.6","",""
"2023-05-21 16:08:00","0.154","65","1","25","35.0","931.45","29.0","34.0","22.6","38.0","24.6","",""
"2023-05-21 16:07:00","0.155","65","1","25","35.0","931.48","29.0","33.0","22.605556","36.0","24.6","",""
"2023-05-21 16:06:00","0.154","65","1","25","35.0","931.51","29.0","33.0","22.61111","36.0","24.61111","",""
"2023-05-21 16:05:00","0.152","65","1","25","35.0","931.53","29.0","33.0","22.622223","36.0","24.627777","",""
"2023-05-21 16:04:00","0.15","65","1","25","35.0","931.59","29.0","33.0","22.63889","36.0","24.644444","",""
"2023-05-21 16:03:00","0.149","65","1","25","35.0","931.62","29.0","33.0","22.655556","36.0","24.661112","",""
"2023-05-21 16:02:00","0.148","65","1","25","35.0","931.64","29.0","33.0","22.672222","36.0","24.677778","",""
"2023-05-21 16:01:00","0.147","65","1","25","35.0","931.62","29.0","33.0","22.688889","36.0","24.694445","",""
"2023-05-21 16:00:00","0.146","65","1","25","35.0","931.66","29.0","33.0","22.705555","36.0","24.711111","",""
"2023-05-21 15:59:00","0.145","65","1","25","36.0","931.62","29.0","33.0","22.722221","36.0","24.727777","",""
"2023-05-21 15:58:00","0.144","65","1","25","36.0","931.61","29.0","33.0","22.73889","36.0","24.744444","",""
"2023-05-21 15:57:00","0.143","65","1","25","36.0","931.61","29.0","33.0","22.755556","36.0","24.76111","",""
"2023-05-21 15:56:00","0.143","65","1","25","36.0","931.67","29.0","33.0","22.772223","36.0","24.777779","",""
"2023-05-21 15:55:00","0.143","65","1","25","36.0","931.68","29.0","33.0","22.788889","36.0","24.794445","",""
"2023-05-21 15:54:00","0.144","65","1","25","36.0","931.69","29.0","33.0","22.805555","36.0","24.811111","",""
"2023-05-21 15:53:00","0.148","66","1","25","36.0","931.67","28.0","32.0","22.822222","35.0","24.827778","",""
"2023-05-21 15:52:00","0.154","68","1","25","36.0","931.69","26.0","31.0","22.844444","35.0","24.85","",""
"2023-05-21 15:51:00","0.155","66","1","25","36.0","931.71","28.0","31.0","22.872223","33.0","24.872223","",""
"2023-05-21 15:50:00","0.154","66","1","25","36.0","931.69","28.0","31.0","22.894444","33.0","24.9","",""
"2023-05-21 15:49:00","0.152","66","1","25","36.0","931.71","28.0","31.0","22.922222","33.0","24.938889","",""
"2023-05-21 15:48:00","0.15","66","1","25","36.0","931.74","28.0","31.0","22.95","33.0","24.977777","",""
"2023-05-21 15:47:00","0.148","66","1","25","36.0","931.75","28.0","31.0","22.977777","33.0","25.016666","",""
"2023-05-21 15:46:00","0.146","66","1","25","36.0","931.77","28.0","31.0","23.005556","33.0","25.055555","",""
"2023-05-21 15:45:00","0.145","66","1","25","36.0","931.80","28.0","31.0","23.033333","33.0","25.094444","",""
"2023-05-21 15:44:00","0.144","66","1","25","36.0","931.85","28.0","31.0","23.061111","33.0","25.133333","",""
"2023-05-21 15:43:00","0.143","66","1","25","36.0","931.85","28.0","31.0","23.088888","33.0","25.172222","",""
"2023-05-21 15:42:00","0.142","66","1","25","36.0","931.83","28.0","31.0","23.116667","33.0","25.205555","",""
"2023-05-21 15:41:00","0.141","66","1","25","36.0","931.85","28.0","31.0","23.127777","33.0","25.227777","",""
"2023-05-21 15:40:00","0.141","66","1","25","36.0","931.86","28.0","31.0","23.172222","33.0","25.277779","",""
"2023-05-21 15:39:00","0.141","66","1","25","36.0","931.91","28.0","31.0","23.216667","33.0","25.327778","",""
"2023-05-21 15:38:00","0.142","66","1","25","36.0","931.93","28.0","31.0","23.26111","33.0","25.377777","",""
"2023-05-21 15:37:00","0.145","67","1","25","36.0","931.94","27.0","31.0","23.305555","33.0","25.427778","",""
"2023-05-21 15:36:00","0.151","67","1","25","36.0","931.90","27.0","31.0","23.35","33.0","25.477777","",""
"2023-05-21 15:35:00","0.153","69","1","25","36.0","931.92","25.0","27.0","23.394444","29.0","25.527779","",""
"2023-05-21 15:34:00","0.152","69","1","25","36.0","931.92","25.0","27.0","23.455555","29.0","25.594444","",""
"2023-05-21 15:33:00","0.15","69","1","25","36.0","931.96","25.0","27.0","23.51111","29.0","25.655556","",""
"2023-05-21 15:32:00","0.148","69","1","25","36.0","931.96","25.0","27.0","23.583334","29.0","25.727777","",""
"2023-05-21 15:31:00","0.147","69","1","25","36.0","931.99","25.0","27.0","23.655556","29.0","25.8","",""
"2023-05-21 15:30:00","0.145","69","1","25","36.0","932.01","25.0","27.0","23.727777","29.0","25.872223","",""
"2023-05-21 15:29:00","0.143","69","1","25","36.0","932.01","25.0","27.0","23.8","29.0","25.944445","",""
"2023-05-21 15:28:00","0.142","69","1","25","36.0","932.02","25.0","27.0","23.872223","29.0","26.016666","",""
"2023-05-21 15:27:00","0.141","69","1","25","36.0","932.04","25.0","27.0","23.944445","29.0","26.088888","",""
"2023-05-21 15:26:00","0.14","69","1","25","36.0","932.04","25.0","27.0","24.016666","29.0","26.161112","",""
"2023-05-21 15:25:00","0.139","69","1","25","36.0","932.06","25.0","27.0","24.088888","29.0","26.233334","",""
"2023-05-21 15:24:00","0.138","69","1","25","36.0","932.11","25.0","27.0","24.161112","29.0","26.305555","",""
"2023-05-21 15:23:00","0.138","69","1","25","36.0","932.10","25.0","27.0","24.233334","29.0","26.377777","",""
"2023-05-21 15:22:00","0.139","69","1","25","36.0","932.09","25.0","27.0","24.305555","29.0","26.45","",""
"2023-05-21 15:21:00","0.142","69","1","25","36.0","932.13","25.0","27.0","24.377777","29.0","26.522223","",""
"2023-05-21 15:20:00","0.148","73","1","25","36.0","932.14","21.0","24.0","24.45","26.0","26.594444","",""
"2023-05-21 15:19:00","0.15","73","1","25","36.0","932.11","21.0","24.0","24.538889","26.0","26.683332","",""
"2023-05-21 15:18:00","0.148","73","1","25","36.0","932.11","21.0","24.0","24.627777","26.0","26.772223","",""
"2023-05-21 15:17:00","0.146","73","1","25","36.0","932.14","21.0","24.0","24.705555","26.0","26.855556","",""
"2023-05-21 15:16:00","0.144","73","1","25","36.0","932.16","21.0","24.0","24.838888","26.0","27.0","",""
"2023-05-21 15:15:00","0.142","73","1","25","36.0","932.17","21.0","24.0","24.972221","26.0","27.144444","",""
"2023-05-21 15:14:00","0.14","73","1","25","36.0","932.19","21.0","24.0","25.105556","26.0","27.288889","",""
"2023-05-21 15:13:00","0.138","73","1","25","36.0","932.18","21.0","24.0","25.23889","26.0","27.433332","",""
"2023-05-21 15:12:00","0.136","73","1","25","36.0","932.17","21.0","24.0","25.372223","26.0","27.577778","",""
"2023-05-21 15:11:00","0.134","73","1","25","36.0","932.19","21.0","24.0","25.505556","26.0","27.722221","",""
"2023-05-21 15:10:00","0.133","73","1","25","36.0","932.21","21.0","24.0","25.63889","26.0","27.866667","",""
"2023-05-21 15:09:00","0.132","73","1","25","36.0","932.23","21.0","24.0","25.772223","26.0","28.01111","",""
"2023-05-21 15:08:00","0.131","73","1","25","36.0","932.24","21.0","24.0","25.905556","26.0","28.155556","",""
"2023-05-21 15:07:00","0.131","73","1","25","36.0","932.24","21.0","24.0","26.038889","26.0","28.3","",""
"2023-05-21 15:06:00","0.132","73","1","25","36.0","932.30","21.0","24.0","26.172222","26.0","28.444445","",""
"2023-05-21 15:05:00","0.134","73","1","25","36.0","932.28","21.0","24.0","26.305555","26.0","28.588888","",""
"2023-05-21 15:04:00","0.139","75","1","25","36.0","932.28","19.0","22.0","26.438889","25.0","28.733334","",""
"2023-05-21 15:03:00","0.141","78","1","25","36.0","932.31","16.0","18.0","26.583334","20.0","28.883333","",""
"2023-05-21 15:02:00","0.139","78","1","25","36.0","932.32","16.0","18.0","26.744444","20.0","29.061111","",""
"2023-05-21 15:01:00","0.137","78","1","25","36.0","932.32","16.0","18.0","26.9","20.0","29.244444","",""
"2023-05-21 15:00:00","0.135","78","1","25","36.0","932.33","16.0","18.0","27.072222","20.0","29.422222","",""
"2023-05-21 14:59:00","0.133","78","1","25","36.0","932.36","16.0","18.0","27.244444","20.0","29.6","",""
"2023-05-21 14:58:00","0.131","78","1","25","36.0","932.37","16.0","18.0","27.416666","20.0","29.777779","",""
"2023-05-21 14:57:00","0.129","78","1","25","36.0","932.42","16.0","18.0","27.588888","20.0","29.955555","",""
"2023-05-21 14:56:00","0.127","78","1","25","36.0","932.45","16.0","18.0","27.76111","20.0","30.133333","",""
"2023-05-21 14:55:00","0.125","78","1","25","36.0","932.46","16.0","18.0","27.933332","20.0","30.311111","",""
"2023-05-21 14:54:00","0.123","78","1","25","35.0","932.44","16.0","18.0","28.105556","20.0","30.48889","",""
"2023-05-21 14:53:00","0.121","78","1","26","34.0","932.47","16.0","18.0","28.277779","20.0","30.666666","",""
"2023-05-21 14:52:00","0.12","78","1","26","34.0","932.49","16.0","18.0","28.45","20.0","30.844444","",""
"2023-05-21 14:51:00","0.119","78","1","26","34.0","932.50","16.0","18.0","28.622223","20.0","31.022223","",""
"2023-05-21 14:50:00","0.119","78","1","26","34.0","932.50","16.0","18.0","28.794445","20.0","31.2","",""
"2023-05-21 14:49:00","0.121","78","1","25","36.0","932.49","16.0","18.0","28.966667","20.0","31.377777","",""
"2023-05-21 14:48:00","0.125","80","1","25","36.0","932.49","14.0","17.0","29.13889","19.0","31.555555","",""
"2023-05-21 14:47:00","0.127","87","1","25","36.0","932.53","9.0","12.0","29.316668","13.0","31.73889","",""
"2023-05-21 14:46:00","0.124","85","1","25","36.0","932.53","10.0","12.0","29.516666","13.0","31.95","",""
"2023-05-21 14:45:00","0.121","85","1","25","36.0","932.52","10.0","12.0","29.7","13.0","32.144444","",""
"2023-05-21 14:44:00","0.118","85","1","25","34.0","932.60","10.0","12.0","29.933332","13.0","32.41111","",""
"2023-05-21 14:43:00","0.115","85","1","26","34.0","932.59","10.0","12.0","30.166666","13.0","32.677776","",""
"2023-05-21 14:42:00","0.112","85","1","26","34.0","932.60","10.0","12.0","30.4","13.0","32.944443","",""
"2023-05-21 14:41:00","0.109","85","1","26","34.0","932.58","10.0","12.0","30.633333","13.0","33.211113","",""
"2023-05-21 14:40:00","0.106","85","1","26","34.0","932.62","10.0","12.0","30.866667","13.0","33.47778","",""
"2023-05-21 14:39:00","0.103","85","1","26","34.0","932.63","10.0","12.0","31.1","13.0","33.744446","",""
"2023-05-21 14:38:00","0.1","85","1","26","34.0","932.64","10.0","12.0","31.333334","13.0","34.011112","",""
"2023-05-21 14:37:00","0.097","85","1","26","34.0","932.65","10.0","12.0","31.566668","13.0","34.27778","",""
"2023-05-21 14:36:00","0.095","85","2","26","34.0","932.68","10.0","12.0","31.8","13.0","34.544445","",""
"2023-05-21 14:35:00","0.093","85","2","26","34.0","932.66","10.0","12.0","32.033333","13.0","34.81111","",""
"2023-05-21 14:34:00","0.092","85","2","26","34.0","932.68","10.0","12.0","32.266666","13.0","35.077778","",""
"2023-05-21 14:33:00","0.092","85","2","26","34.0","932.64","10.0","12.0","32.5","13.0","35.344444","",""
"2023-05-21 14:32:00","0.095","88","2","26","34.0","932.68","8.0","10.0","32.733334","11.0","35.61111","",""
"2023-05-21 14:31:00","0.097","92","2","26","34.0","932.67","5.0","7.0","32.97778","8.0","35.88889","",""
"2023-05-21 14:30:00","0.094","91","2","26","34.0","932.69","6.0","8.0","33.238888","9.0","36.183334","",""
"2023-05-21 14:29:00","0.09","91","2","26","34.0","932.68","6.0","8.0","33.488888","9.0","36.488888","",""
"2023-05-21 14:28:00","0.086","91","2","26","34.0","932.67","6.0","8.0","33.744446","9.0","36.77778","",""
"2023-05-21 14:27:00","0.082","91","2","26","34.0","932.70","6.0","8.0","34.0","9.0","37.066666","",""
"2023-05-21 14:26:00","0.078","91","2","26","34.0","932.71","6.0","8.0","34.255554","9.0","37.355556","",""
"2023-05-21 14:25:00","0.074","91","2","26","34.0","932.70","6.0","8.0","34.511112","9.0","37.644444","",""
"2023-05-21 14:24:00","0.07","91","2","26","34.0","932.71","6.0","8.0","34.766666","9.0","37.933334","",""
"2023-05-21 14:23:00","0.066","91","2","26","34.0","932.73","6.0","8.0","35.02222","9.0","38.22222","",""
"2023-05-21 14:22:00","0.062","91","2","26","34.0","932.74","6.0","8.0","35.27778","9.0","38.511112","",""
"2023-05-21 14:21:00","0.059","91","2","26","34.0","932.76","6.0","8.0","35.533333","9.0","38.8","",""
"2023-05-21 14:20:00","0.056","91","2","26","34.0","932.77","6.0","8.0","35.788887","9.0","39.08889","",""
"2023-05-21 14:19:00","0.053","91","2","25","35.0","932.78","6.0","8.0","36.044445","9.0","39.377777","",""
"2023-05-21 14:18:00","0.051","91","2","25","36.0","932.78","6.0","8.0","36.3","9.0","39.666668","",""
"2023-05-21 14:17:00","0.051","91","2","25","37.0","932.82","6.0","8.0","36.555557","9.0","39.955555","",""
"2023-05-21 14:16:00","0.053","92","2","25","37.0","932.85","5.0","7.0","36.81111","8.0","40.244446","",""
"2023-05-21 14:15:00","0.056","94","2","25","36.0","932.86","4.0","6.0","37.072224","8.0","40.538887","",""